2026-04-14 10:42:47,947 [INFO] ==============================================================
2026-04-14 10:42:47,947 [INFO]   TransBuddy Laptop Client  v12.0.0 — Marwadi University
2026-04-14 10:42:47,948 [INFO]   Bus ID         : 1
2026-04-14 10:42:47,948 [INFO]   Server         : https://dissuasive-osseous-ethelyn.ngrok-free.dev
2026-04-14 10:42:47,948 [INFO]   GPS Relay      : http://127.0.0.1:6000
2026-04-14 10:42:47,948 [INFO]   Camera index   : 0
2026-04-14 10:42:47,948 [INFO]   Preview window : OFF
2026-04-14 10:42:47,948 [INFO]   Streaming      : ON
2026-04-14 10:42:47,948 [INFO]   Arrive radius  : 80m
2026-04-14 10:42:47,948 [INFO]   Capture delay  : 90s
2026-04-14 10:42:47,950 [INFO]   Offline queue  : offline_queue/
2026-04-14 10:42:47,950 [INFO] ==============================================================
2026-04-14 10:42:47,950 [INFO] Fetching bus stops from server...
2026-04-14 10:42:50,156 [INFO] Loaded 414 stops from server
2026-04-14 10:42:50,157 [INFO] Loaded 414 stops.
2026-04-14 10:42:50,412 [WARNING] Register bus: HTTP 404
2026-04-14 10:42:50,415 [INFO] Waiting for GPS fix from relay at http://127.0.0.1:6000...
2026-04-14 10:42:50,416 [INFO] Make sure gps_relay_server.py is running and GPS tracking is started in browser.
2026-04-14 10:42:52,460 [WARNING] GPS relay not reachable at http://127.0.0.1:6000. Start gps_relay_server.py first.
2026-04-14 10:43:10,421 [INFO]   Still waiting for GPS... (20s)
2026-04-14 10:43:30,847 [INFO] ==============================================================
2026-04-14 10:43:30,847 [INFO]   TransBuddy Laptop Client  v12.0.0 — Marwadi University
2026-04-14 10:43:30,847 [INFO]   Bus ID         : 1
2026-04-14 10:43:30,847 [INFO]   Server         : https://dissuasive-osseous-ethelyn.ngrok-free.dev
2026-04-14 10:43:30,848 [INFO]   GPS Relay      : http://127.0.0.1:6000
2026-04-14 10:43:30,848 [INFO]   Camera index   : 0
2026-04-14 10:43:30,848 [INFO]   Preview window : OFF
2026-04-14 10:43:30,848 [INFO]   Streaming      : ON
2026-04-14 10:43:30,849 [INFO]   Arrive radius  : 80m
2026-04-14 10:43:30,849 [INFO]   Capture delay  : 90s
2026-04-14 10:43:30,849 [INFO]   Offline queue  : offline_queue/
2026-04-14 10:43:30,849 [INFO] ==============================================================
2026-04-14 10:43:30,849 [INFO] Fetching bus stops from server...
2026-04-14 10:43:32,796 [INFO] Loaded 414 stops from server
2026-04-14 10:43:32,797 [INFO] Loaded 414 stops.
2026-04-14 10:43:33,067 [WARNING] Register bus: HTTP 404
2026-04-14 10:43:33,068 [INFO] Waiting for GPS fix from relay at http://127.0.0.1:6000...
2026-04-14 10:43:33,069 [INFO] Make sure gps_relay_server.py is running and GPS tracking is started in browser.
2026-04-14 10:43:33,072 [WARNING] GPS relay: no fix yet for bus 1. Is gps_relay_server.py running and tracking?
2026-04-14 10:43:53,075 [INFO]   Still waiting for GPS... (20s)
2026-04-14 10:44:13,080 [INFO]   Still waiting for GPS... (40s)
2026-04-14 10:44:13,246 [WARNING] GPS relay: no fix yet for bus 1. Is gps_relay_server.py running and tracking?
2026-04-14 10:44:33,085 [INFO]   Still waiting for GPS... (60s)
2026-04-14 10:44:53,089 [INFO]   Still waiting for GPS... (80s)
2026-04-14 10:44:53,569 [WARNING] GPS relay: no fix yet for bus 1. Is gps_relay_server.py running and tracking?
2026-04-14 10:45:13,094 [INFO]   Still waiting for GPS... (100s)
2026-04-14 10:45:33,098 [INFO]   Still waiting for GPS... (120s)
2026-04-14 10:45:33,098 [WARNING] No GPS fix after 120s — continuing without GPS (stops won't trigger)
2026-04-14 10:45:33,098 [INFO] Opening camera index 0...
2026-04-14 10:45:33,796 [WARNING] GPS relay: no fix yet for bus 1. Is gps_relay_server.py running and tracking?
2026-04-14 10:45:35,921 [INFO] Camera 0 opened — warming up (5 frames)...
2026-04-14 10:45:36,874 [INFO] Camera ready | 1280x720
2026-04-14 10:45:37,375 [INFO] Stream thread started
2026-04-14 10:45:37,376 [INFO] Offline retry thread started
2026-04-14 10:45:37,679 [INFO] Validated today (morning slot): 5 GRs
2026-04-14 10:45:37,681 [INFO] Tracking started. Waiting for bus to approach a stop...
2026-04-14 10:45:52,688 [INFO] No GPS fix yet — waiting...
2026-04-14 10:46:07,694 [INFO] No GPS fix yet — waiting...
2026-04-14 10:46:13,993 [WARNING] GPS relay: no fix yet for bus 1. Is gps_relay_server.py running and tracking?
2026-04-14 10:46:22,701 [INFO] No GPS fix yet — waiting...
2026-04-14 10:46:37,707 [INFO] No GPS fix yet — waiting...
2026-04-14 10:46:52,714 [INFO] No GPS fix yet — waiting...
2026-04-14 10:46:54,124 [WARNING] GPS relay: no fix yet for bus 1. Is gps_relay_server.py running and tracking?
2026-04-14 10:47:07,721 [INFO] No GPS fix yet — waiting...
2026-04-14 10:47:22,728 [INFO] No GPS fix yet — waiting...
2026-04-14 10:47:34,297 [WARNING] GPS relay: no fix yet for bus 1. Is gps_relay_server.py running and tracking?
2026-04-14 10:47:37,737 [INFO] No GPS fix yet — waiting...
2026-04-14 10:47:52,744 [INFO] No GPS fix yet — waiting...
2026-04-14 10:48:07,752 [INFO] No GPS fix yet — waiting...
2026-04-14 10:48:14,587 [WARNING] GPS relay: no fix yet for bus 1. Is gps_relay_server.py running and tracking?
2026-04-14 10:48:22,758 [INFO] No GPS fix yet — waiting...
2026-04-14 10:48:37,764 [INFO] No GPS fix yet — waiting...
2026-04-14 10:48:52,769 [INFO] No GPS fix yet — waiting...
2026-04-14 10:49:00,947 [WARNING] GPS relay not reachable at http://127.0.0.1:6000. Start gps_relay_server.py first.
2026-04-14 10:49:07,776 [INFO] No GPS fix yet — waiting...
2026-04-14 10:49:22,785 [INFO] No GPS fix yet — waiting...
2026-04-14 10:49:37,790 [INFO] No GPS fix yet — waiting...
2026-04-14 10:49:52,951 [INFO] No GPS fix yet — waiting...
2026-04-14 10:54:46,194 [INFO] No GPS fix yet — waiting...
2026-04-14 10:55:01,097 [WARNING] GPS relay not reachable at http://127.0.0.1:6000. Start gps_relay_server.py first.
2026-04-14 10:55:01,260 [INFO] No GPS fix yet — waiting...
2026-04-14 10:55:16,273 [INFO] No GPS fix yet — waiting...
2026-04-14 10:55:31,281 [INFO] No GPS fix yet — waiting...
2026-04-14 10:55:46,288 [INFO] No GPS fix yet — waiting...
2026-04-14 10:56:01,295 [INFO] No GPS fix yet — waiting...
2026-04-14 10:56:16,304 [INFO] No GPS fix yet — waiting...
2026-04-14 10:56:21,931 [WARNING] GPS relay not reachable at http://127.0.0.1:6000. Start gps_relay_server.py first.
2026-04-14 10:56:31,311 [INFO] No GPS fix yet — waiting...
2026-04-14 10:56:46,316 [INFO] No GPS fix yet — waiting...
2026-04-14 10:57:01,322 [INFO] No GPS fix yet — waiting...
2026-04-14 10:57:16,329 [INFO] No GPS fix yet — waiting...
2026-04-14 10:57:31,336 [INFO] No GPS fix yet — waiting...
2026-04-14 10:57:42,780 [WARNING] GPS relay not reachable at http://127.0.0.1:6000. Start gps_relay_server.py first.
2026-04-14 10:57:46,342 [INFO] No GPS fix yet — waiting...
2026-04-14 10:58:01,349 [INFO] No GPS fix yet — waiting...
2026-04-14 10:58:16,355 [INFO] No GPS fix yet — waiting...
2026-04-14 10:58:31,362 [INFO] No GPS fix yet — waiting...
2026-04-14 10:58:46,370 [INFO] No GPS fix yet — waiting...
2026-04-14 10:58:52,511 [WARNING] GPS relay: no fix yet for bus 1. Is gps_relay_server.py running and tracking?
2026-04-14 10:59:01,380 [INFO] No GPS fix yet — waiting...
2026-04-14 10:59:16,386 [INFO] No GPS fix yet — waiting...
2026-04-14 10:59:31,392 [INFO] No GPS fix yet — waiting...
2026-04-14 10:59:32,727 [WARNING] GPS relay: no fix yet for bus 1. Is gps_relay_server.py running and tracking?
2026-04-14 10:59:46,399 [INFO] No GPS fix yet — waiting...
2026-04-14 11:00:01,404 [INFO] No GPS fix yet — waiting...
2026-04-14 11:00:12,923 [WARNING] GPS relay: no fix yet for bus 1. Is gps_relay_server.py running and tracking?
2026-04-14 11:00:16,411 [INFO] No GPS fix yet — waiting...
2026-04-14 11:00:24,477 [INFO] Ctrl+C — shutting down cleanly...
2026-04-14 11:00:24,477 [INFO] Offline retry thread stopped
2026-04-14 11:00:24,488 [INFO] Stream thread stopped
2026-04-14 11:00:24,789 [INFO] Camera closed
2026-04-14 11:00:24,790 [INFO] TransBuddy Laptop Client stopped.
2026-04-14 11:00:24,790 [INFO] Session summary — Granted:0 Unpaid:0 Invalid:0 Unknown:0
2026-04-14 11:09:54,007 [INFO] ==============================================================
2026-04-14 11:09:54,008 [INFO]   TransBuddy Laptop Client  v12.0.0 — Marwadi University
2026-04-14 11:09:54,008 [INFO]   Bus ID         : 1
2026-04-14 11:09:54,008 [INFO]   Server         : https://dissuasive-osseous-ethelyn.ngrok-free.dev
2026-04-14 11:09:54,008 [INFO]   GPS Relay      : http://127.0.0.1:6000
2026-04-14 11:09:54,008 [INFO]   Camera index   : 1
2026-04-14 11:09:54,008 [INFO]   Preview window : OFF
2026-04-14 11:09:54,008 [INFO]   Streaming      : ON
2026-04-14 11:09:54,009 [INFO]   Arrive radius  : 80m
2026-04-14 11:09:54,009 [INFO]   Capture delay  : 90s
2026-04-14 11:09:54,009 [INFO]   Offline queue  : offline_queue/
2026-04-14 11:09:54,009 [INFO] ==============================================================
2026-04-14 11:09:54,009 [INFO] Fetching bus stops from server...
2026-04-14 11:09:55,994 [INFO] Loaded 414 stops from server
2026-04-14 11:09:55,996 [INFO] Loaded 414 stops.
2026-04-14 11:09:56,262 [INFO] Bus registered | bus_no=? type=? driver=?
2026-04-14 11:09:56,266 [INFO] Waiting for GPS fix from relay at http://127.0.0.1:6000...
2026-04-14 11:09:56,266 [INFO] Make sure gps_relay_server.py is running and GPS tracking is started in browser.
2026-04-14 11:09:56,270 [WARNING] GPS relay: no fix yet for bus 1. Is gps_relay_server.py running and tracking?
2026-04-14 11:10:16,272 [INFO]   Still waiting for GPS... (20s)
2026-04-14 11:10:36,275 [INFO]   Still waiting for GPS... (40s)
2026-04-14 11:10:36,464 [WARNING] GPS relay: no fix yet for bus 1. Is gps_relay_server.py running and tracking?
2026-04-14 11:10:39,677 [INFO] ==============================================================
2026-04-14 11:10:39,677 [INFO]   TransBuddy Laptop Client  v12.0.0 — Marwadi University
2026-04-14 11:10:39,679 [INFO]   Bus ID         : 1
2026-04-14 11:10:39,679 [INFO]   Server         : https://dissuasive-osseous-ethelyn.ngrok-free.dev
2026-04-14 11:10:39,679 [INFO]   GPS Relay      : http://127.0.0.1:6000
2026-04-14 11:10:39,679 [INFO]   Camera index   : 1
2026-04-14 11:10:39,680 [INFO]   Preview window : OFF
2026-04-14 11:10:39,680 [INFO]   Streaming      : ON
2026-04-14 11:10:39,680 [INFO]   Arrive radius  : 80m
2026-04-14 11:10:39,680 [INFO]   Capture delay  : 90s
2026-04-14 11:10:39,681 [INFO]   Offline queue  : offline_queue/
2026-04-14 11:10:39,681 [INFO] ==============================================================
2026-04-14 11:10:39,681 [INFO] Fetching bus stops from server...
2026-04-14 11:10:41,351 [INFO] Loaded 414 stops from server
2026-04-14 11:10:41,354 [INFO] Loaded 414 stops.
2026-04-14 11:10:41,702 [INFO] Bus registered | bus_no=? type=? driver=?
2026-04-14 11:10:41,705 [INFO] Waiting for GPS fix from relay at http://127.0.0.1:6000...
2026-04-14 11:10:41,706 [INFO] Make sure gps_relay_server.py is running and GPS tracking is started in browser.
2026-04-14 11:10:41,709 [WARNING] GPS relay: no fix yet for bus 1. Is gps_relay_server.py running and tracking?
2026-04-14 11:11:01,710 [INFO]   Still waiting for GPS... (20s)
2026-04-14 11:11:21,716 [INFO]   Still waiting for GPS... (40s)
2026-04-14 11:11:21,841 [WARNING] GPS relay: no fix yet for bus 1. Is gps_relay_server.py running and tracking?
2026-04-14 11:11:41,728 [INFO]   Still waiting for GPS... (60s)
2026-04-14 11:12:01,738 [INFO]   Still waiting for GPS... (80s)
2026-04-14 11:12:02,026 [WARNING] GPS relay: no fix yet for bus 1. Is gps_relay_server.py running and tracking?
2026-04-14 11:12:21,742 [INFO]   Still waiting for GPS... (100s)
2026-04-14 11:12:41,747 [INFO]   Still waiting for GPS... (120s)
2026-04-14 11:12:41,747 [WARNING] No GPS fix after 120s — continuing without GPS (stops won't trigger)
2026-04-14 11:12:41,749 [INFO] Opening camera index 1...
2026-04-14 11:12:42,368 [WARNING] GPS relay: no fix yet for bus 1. Is gps_relay_server.py running and tracking?
2026-04-14 11:12:43,150 [INFO] Camera 1 opened — warming up (5 frames)...
2026-04-14 11:12:44,151 [INFO] Camera ready | 1280x720
2026-04-14 11:12:44,660 [INFO] Stream thread started
2026-04-14 11:12:44,661 [INFO] Offline retry thread started
2026-04-14 11:12:50,983 [WARNING] Could not fetch validated_today: ('Connection aborted.', RemoteDisconnected('Remote end closed connection without response'))
2026-04-14 11:12:50,983 [INFO] Tracking started. Waiting for bus to approach a stop...
2026-04-14 11:13:05,990 [INFO] No GPS fix yet — waiting...
2026-04-14 11:13:20,996 [INFO] No GPS fix yet — waiting...
2026-04-14 11:13:22,565 [WARNING] GPS relay: no fix yet for bus 1. Is gps_relay_server.py running and tracking?
2026-04-14 11:13:36,003 [INFO] No GPS fix yet — waiting...
2026-04-14 11:13:51,010 [INFO] No GPS fix yet — waiting...
2026-04-14 11:14:02,743 [WARNING] GPS relay: no fix yet for bus 1. Is gps_relay_server.py running and tracking?
2026-04-14 11:14:06,017 [INFO] No GPS fix yet — waiting...
2026-04-14 11:14:21,026 [INFO] No GPS fix yet — waiting...
2026-04-14 11:14:36,032 [INFO] No GPS fix yet — waiting...
2026-04-14 11:14:42,945 [WARNING] GPS relay: no fix yet for bus 1. Is gps_relay_server.py running and tracking?
2026-04-14 11:14:51,038 [INFO] No GPS fix yet — waiting...
2026-04-14 11:15:06,045 [INFO] No GPS fix yet — waiting...
2026-04-14 11:15:21,053 [INFO] No GPS fix yet — waiting...
2026-04-14 11:15:23,108 [WARNING] GPS relay: no fix yet for bus 1. Is gps_relay_server.py running and tracking?
2026-04-14 11:15:36,059 [INFO] No GPS fix yet — waiting...
2026-04-14 11:15:51,067 [INFO] No GPS fix yet — waiting...
2026-04-14 11:16:13,384 [INFO] GPS | lat=22.245921 lon=70.814686 spd=35.0km/h age=1s
2026-04-14 11:16:26,106 [INFO] ARRIVED | bus=1 stop='Airport Fatak' dist=76m | detection in 90s
2026-04-14 11:16:31,111 [INFO]   At 'Airport Fatak' — detection in 85s
2026-04-14 11:16:41,122 [INFO]   At 'Airport Fatak' — detection in 75s
2026-04-14 11:16:43,547 [INFO] GPS | lat=22.244821 lon=70.813586 spd=35.0km/h age=1s
2026-04-14 11:16:51,131 [INFO]   At 'Airport Fatak' — detection in 65s
2026-04-14 11:17:01,162 [INFO]   At 'Airport Fatak' — detection in 55s
2026-04-14 11:17:11,174 [INFO]   At 'Airport Fatak' — detection in 45s
2026-04-14 11:17:13,699 [INFO] GPS | lat=22.244821 lon=70.813586 spd=35.0km/h age=31s
2026-04-14 11:17:21,184 [INFO]   At 'Airport Fatak' — detection in 35s
2026-04-14 11:17:31,195 [INFO]   At 'Airport Fatak' — detection in 25s
2026-04-14 11:17:41,205 [INFO]   At 'Airport Fatak' — detection in 15s
2026-04-14 11:17:43,835 [INFO] GPS | lat=22.244821 lon=70.813586 spd=35.0km/h age=61s
2026-04-14 11:17:51,216 [INFO]   At 'Airport Fatak' — detection in 5s
2026-04-14 11:17:56,221 [INFO] CAPTURING 4 samples at 'Airport Fatak'
2026-04-14 11:17:56,893 [INFO] Best: index=3 score=0.1604 | 1280x720
2026-04-14 11:18:00,311 [INFO] Server OK | bus=1 faces=1 granted=0 unpaid=0 invalid=1 not_uni=0
2026-04-14 11:18:00,315 [INFO] DONE | bus=1 stop='Airport Fatak' faces=1 granted=0 unpaid=0 invalid=1 not_uni=0
2026-04-14 11:18:00,315 [INFO] Validated this shift: 1 students
2026-04-14 11:18:14,043 [INFO] GPS | lat=22.244821 lon=70.813586 spd=35.0km/h age=91s
2026-04-14 11:18:44,145 [INFO] GPS | lat=22.244821 lon=70.813586 spd=35.0km/h age=121s
2026-04-14 11:19:14,294 [INFO] GPS | lat=22.244821 lon=70.813586 spd=35.0km/h age=151s
2026-04-14 11:19:44,421 [INFO] GPS | lat=22.244821 lon=70.813586 spd=35.0km/h age=182s
2026-04-14 11:20:14,519 [INFO] GPS | lat=22.244821 lon=70.813586 spd=35.0km/h age=212s
2026-04-14 11:20:44,707 [INFO] GPS | lat=22.244821 lon=70.813586 spd=35.0km/h age=242s
2026-04-14 11:21:14,846 [INFO] GPS | lat=22.244821 lon=70.813586 spd=35.0km/h age=272s
2026-04-14 11:21:44,977 [INFO] GPS | lat=22.244821 lon=70.813586 spd=35.0km/h age=302s
2026-04-14 11:21:52,831 [INFO] Ctrl+C — shutting down cleanly...
2026-04-14 11:21:52,832 [INFO] Offline retry thread stopped
2026-04-14 11:21:52,832 [INFO] Stream thread stopped
2026-04-14 11:21:53,387 [INFO] Camera closed
2026-04-14 11:21:53,388 [INFO] TransBuddy Laptop Client stopped.
2026-04-14 11:21:53,388 [INFO] Session summary — Granted:0 Unpaid:0 Invalid:1 Unknown:0
2026-04-14 11:23:05,357 [INFO] ==============================================================
2026-04-14 11:23:05,357 [INFO]   TransBuddy Laptop Client  v12.0.0 — Marwadi University
2026-04-14 11:23:05,357 [INFO]   Bus ID         : 1
2026-04-14 11:23:05,357 [INFO]   Server         : https://dissuasive-osseous-ethelyn.ngrok-free.dev
2026-04-14 11:23:05,357 [INFO]   GPS Relay      : http://127.0.0.1:6000
2026-04-14 11:23:05,357 [INFO]   Camera index   : 1
2026-04-14 11:23:05,357 [INFO]   Preview window : OFF
2026-04-14 11:23:05,357 [INFO]   Streaming      : ON
2026-04-14 11:23:05,358 [INFO]   Arrive radius  : 80m
2026-04-14 11:23:05,358 [INFO]   Capture delay  : 90s
2026-04-14 11:23:05,358 [INFO]   Offline queue  : offline_queue/
2026-04-14 11:23:05,358 [INFO] ==============================================================
2026-04-14 11:23:05,359 [INFO] Fetching bus stops from server...
2026-04-14 11:23:06,384 [INFO] Loaded 412 stops from server
2026-04-14 11:23:06,385 [INFO] Loaded 412 stops.
2026-04-14 11:23:06,904 [INFO] Bus registered | bus_no=? type=? driver=?
2026-04-14 11:23:06,907 [INFO] Waiting for GPS fix from relay at http://127.0.0.1:6000...
2026-04-14 11:23:06,907 [INFO] Make sure gps_relay_server.py is running and GPS tracking is started in browser.
2026-04-14 11:23:06,909 [INFO] GPS | lat=22.262669 lon=70.806311 spd=35.0km/h age=0s
2026-04-14 11:23:08,908 [INFO] GPS fix acquired | lat=22.262669 lon=70.806311
2026-04-14 11:23:08,908 [INFO] Opening camera index 1...
2026-04-14 11:23:10,114 [INFO] Camera 1 opened — warming up (5 frames)...
2026-04-14 11:23:11,118 [INFO] Camera ready | 1280x720
2026-04-14 11:23:11,619 [INFO] Stream thread started
2026-04-14 11:23:11,619 [INFO] Offline retry thread started
2026-04-14 11:23:11,923 [INFO] Validated today (morning slot): 0 GRs
2026-04-14 11:23:11,925 [INFO] Tracking started. Waiting for bus to approach a stop...
2026-04-14 11:23:31,979 [INFO] ARRIVED | bus=1 stop='Ahir Chowk' dist=76m | detection in 90s
2026-04-14 11:23:37,049 [INFO] GPS | lat=22.261169 lon=70.804811 spd=35.0km/h age=0s
2026-04-14 11:23:41,993 [INFO]   At 'Ahir Chowk' — detection in 80s
2026-04-14 11:23:52,019 [INFO]   At 'Ahir Chowk' — detection in 70s
2026-04-14 11:24:02,039 [INFO]   At 'Ahir Chowk' — detection in 60s
2026-04-14 11:24:07,184 [INFO] GPS | lat=22.260969 lon=70.804611 spd=35.0km/h age=18s
2026-04-14 11:24:12,059 [INFO]   At 'Ahir Chowk' — detection in 50s
2026-04-14 11:24:22,074 [INFO]   At 'Ahir Chowk' — detection in 40s
2026-04-14 11:24:32,085 [INFO]   At 'Ahir Chowk' — detection in 30s
2026-04-14 11:24:37,357 [INFO] GPS | lat=22.260969 lon=70.804611 spd=35.0km/h age=48s
2026-04-14 11:24:42,098 [INFO]   At 'Ahir Chowk' — detection in 20s
2026-04-14 11:24:52,108 [INFO]   At 'Ahir Chowk' — detection in 10s
2026-04-14 11:25:02,119 [INFO] CAPTURING 4 samples at 'Ahir Chowk'
2026-04-14 11:25:02,806 [INFO] Best: index=2 score=0.1272 | 1280x720
2026-04-14 11:25:04,596 [INFO] Server OK | bus=1 faces=1 granted=0 unpaid=1 invalid=0 not_uni=0
2026-04-14 11:25:04,598 [INFO] DONE | bus=1 stop='Ahir Chowk' faces=1 granted=0 unpaid=1 invalid=0 not_uni=0
2026-04-14 11:25:04,598 [INFO] Validated this shift: 1 students
2026-04-14 11:25:07,550 [INFO] GPS | lat=22.260969 lon=70.804611 spd=35.0km/h age=78s
2026-04-14 11:25:37,710 [INFO] GPS | lat=22.260969 lon=70.804611 spd=35.0km/h age=108s
2026-04-14 11:26:07,866 [INFO] GPS | lat=22.260969 lon=70.804611 spd=35.0km/h age=138s
2026-04-14 11:26:38,084 [INFO] GPS | lat=22.260969 lon=70.804611 spd=35.0km/h age=169s
2026-04-14 11:27:08,245 [INFO] GPS | lat=22.260969 lon=70.804611 spd=35.0km/h age=199s
2026-04-14 11:27:38,375 [INFO] GPS | lat=22.260969 lon=70.804611 spd=35.0km/h age=229s
2026-04-14 11:28:08,591 [INFO] GPS | lat=22.260969 lon=70.804611 spd=35.0km/h age=259s
2026-04-14 11:28:38,732 [INFO] GPS | lat=22.260969 lon=70.804611 spd=35.0km/h age=289s
2026-04-14 11:29:08,885 [INFO] GPS | lat=22.260969 lon=70.804611 spd=35.0km/h age=319s
2026-04-14 11:29:38,966 [INFO] GPS | lat=22.260969 lon=70.804611 spd=35.0km/h age=350s
2026-04-14 11:30:09,062 [INFO] GPS | lat=22.260969 lon=70.804611 spd=35.0km/h age=380s
2026-04-14 11:30:39,159 [INFO] GPS | lat=22.260969 lon=70.804611 spd=35.0km/h age=410s
2026-04-14 11:31:09,339 [INFO] GPS | lat=22.260969 lon=70.804611 spd=35.0km/h age=440s
2026-04-14 11:31:39,564 [INFO] GPS | lat=22.260969 lon=70.804611 spd=35.0km/h age=470s
2026-04-14 11:32:09,743 [INFO] GPS | lat=22.260969 lon=70.804611 spd=35.0km/h age=500s
2026-04-14 11:32:39,977 [INFO] GPS | lat=22.260969 lon=70.804611 spd=35.0km/h age=531s
2026-04-14 11:33:10,240 [INFO] GPS | lat=22.260969 lon=70.804611 spd=35.0km/h age=561s
2026-04-14 11:33:29,215 [INFO] DEPARTED 'Ahir Chowk' | dist=161m
2026-04-14 11:33:40,409 [INFO] GPS | lat=22.262369 lon=70.806011 spd=35.0km/h age=1s
2026-04-14 11:34:10,592 [INFO] GPS | lat=22.260969 lon=70.804611 spd=35.0km/h age=1s
2026-04-14 11:34:40,807 [INFO] GPS | lat=22.260969 lon=70.804611 spd=35.0km/h age=25s
2026-04-14 11:35:10,963 [INFO] GPS | lat=22.260969 lon=70.804611 spd=35.0km/h age=55s
2026-04-14 11:35:41,115 [INFO] GPS | lat=22.260969 lon=70.804611 spd=35.0km/h age=85s
2026-04-14 11:36:11,225 [INFO] GPS | lat=22.260969 lon=70.804611 spd=35.0km/h age=116s
2026-04-14 11:36:41,441 [INFO] GPS | lat=22.260969 lon=70.804611 spd=35.0km/h age=146s
2026-04-14 11:37:11,630 [INFO] GPS | lat=22.260969 lon=70.804611 spd=35.0km/h age=176s
2026-04-14 11:37:41,770 [INFO] GPS | lat=22.260969 lon=70.804611 spd=35.0km/h age=206s
2026-04-14 11:38:11,902 [INFO] GPS | lat=22.260969 lon=70.804611 spd=35.0km/h age=236s
2026-04-14 11:38:42,107 [INFO] GPS | lat=22.260969 lon=70.804611 spd=35.0km/h age=266s
2026-04-14 11:39:12,280 [INFO] GPS | lat=22.260969 lon=70.804611 spd=35.0km/h age=297s
2026-04-14 11:39:42,425 [INFO] GPS | lat=22.260969 lon=70.804611 spd=35.0km/h age=327s
2026-04-14 11:40:12,626 [INFO] GPS | lat=22.260969 lon=70.804611 spd=35.0km/h age=357s
2026-04-14 11:40:42,798 [INFO] GPS | lat=22.260969 lon=70.804611 spd=35.0km/h age=387s
2026-04-14 11:41:12,940 [INFO] GPS | lat=22.260969 lon=70.804611 spd=35.0km/h age=417s
2026-04-14 11:41:43,066 [INFO] GPS | lat=22.260969 lon=70.804611 spd=35.0km/h age=447s
2026-04-14 11:42:13,274 [INFO] GPS | lat=22.260969 lon=70.804611 spd=35.0km/h age=478s
2026-04-14 11:42:43,519 [INFO] GPS | lat=22.260969 lon=70.804611 spd=35.0km/h age=508s
2026-04-14 11:43:13,758 [INFO] GPS | lat=22.260969 lon=70.804611 spd=35.0km/h age=538s
2026-04-14 11:43:43,995 [INFO] GPS | lat=22.260969 lon=70.804611 spd=35.0km/h age=568s
2026-04-14 11:44:14,237 [INFO] GPS | lat=22.260969 lon=70.804611 spd=35.0km/h age=599s
2026-04-14 11:44:44,360 [INFO] GPS | lat=22.260969 lon=70.804611 spd=35.0km/h age=629s
2026-04-14 11:45:14,539 [INFO] GPS | lat=22.260969 lon=70.804611 spd=35.0km/h age=659s
2026-04-14 11:45:44,733 [INFO] GPS | lat=22.260969 lon=70.804611 spd=35.0km/h age=689s
2026-04-14 11:46:14,921 [INFO] GPS | lat=22.260969 lon=70.804611 spd=35.0km/h age=719s
2026-04-14 11:46:45,064 [INFO] GPS | lat=22.260969 lon=70.804611 spd=35.0km/h age=749s
2026-04-14 11:47:15,279 [INFO] GPS | lat=22.260969 lon=70.804611 spd=35.0km/h age=780s
2026-04-14 11:47:45,432 [INFO] GPS | lat=22.260969 lon=70.804611 spd=35.0km/h age=810s
2026-04-14 11:48:15,636 [INFO] GPS | lat=22.260969 lon=70.804611 spd=35.0km/h age=840s
2026-04-14 11:48:45,788 [INFO] GPS | lat=22.260969 lon=70.804611 spd=35.0km/h age=870s
2026-04-14 11:48:49,111 [INFO] Ctrl+C — shutting down cleanly...
2026-04-14 11:48:49,112 [INFO] Offline retry thread stopped
2026-04-14 11:48:49,112 [INFO] Stream thread stopped
2026-04-14 11:48:49,703 [INFO] Camera closed
2026-04-14 11:48:49,704 [INFO] TransBuddy Laptop Client stopped.
2026-04-14 11:48:49,704 [INFO] Session summary — Granted:0 Unpaid:1 Invalid:0 Unknown:0
2026-04-14 11:52:59,242 [INFO] ==============================================================
2026-04-14 11:52:59,243 [INFO]   TransBuddy Laptop Client  v12.0.0 — Marwadi University
2026-04-14 11:52:59,243 [INFO]   Bus ID         : 1
2026-04-14 11:52:59,243 [INFO]   Server         : https://dissuasive-osseous-ethelyn.ngrok-free.dev
2026-04-14 11:52:59,243 [INFO]   GPS Relay      : http://127.0.0.1:6000
2026-04-14 11:52:59,243 [INFO]   Camera index   : 1
2026-04-14 11:52:59,243 [INFO]   Preview window : OFF
2026-04-14 11:52:59,243 [INFO]   Streaming      : ON
2026-04-14 11:52:59,244 [INFO]   Arrive radius  : 80m
2026-04-14 11:52:59,244 [INFO]   Capture delay  : 90s
2026-04-14 11:52:59,244 [INFO]   Offline queue  : offline_queue/
2026-04-14 11:52:59,244 [INFO] ==============================================================
2026-04-14 11:52:59,244 [INFO] Fetching bus stops from server...
2026-04-14 11:53:00,132 [INFO] Loaded 412 stops from server
2026-04-14 11:53:00,133 [INFO] Loaded 412 stops.
2026-04-14 11:53:00,442 [INFO] Bus registered | bus_no=? type=? driver=?
2026-04-14 11:53:00,445 [INFO] Waiting for GPS fix from relay at http://127.0.0.1:6000...
2026-04-14 11:53:00,445 [INFO] Make sure gps_relay_server.py is running and GPS tracking is started in browser.
2026-04-14 11:53:02,477 [WARNING] GPS relay not reachable at http://127.0.0.1:6000. Start gps_relay_server.py first.
2026-04-14 11:53:20,450 [INFO]   Still waiting for GPS... (20s)
2026-04-14 11:53:40,456 [INFO]   Still waiting for GPS... (40s)
2026-04-14 11:53:42,457 [INFO] GPS fix acquired | lat=22.262969 lon=70.806611
2026-04-14 11:53:42,457 [INFO] Opening camera index 1...
2026-04-14 11:53:43,675 [INFO] Camera 1 opened — warming up (5 frames)...
2026-04-14 11:53:44,677 [INFO] Camera ready | 1280x720
2026-04-14 11:53:45,179 [INFO] Stream thread started
2026-04-14 11:53:45,179 [INFO] Offline retry thread started
2026-04-14 11:53:45,932 [INFO] Validated today (morning slot): 0 GRs
2026-04-14 11:53:46,017 [INFO] Tracking started. Waiting for bus to approach a stop...
2026-04-14 11:53:47,358 [INFO] GPS | lat=22.262669 lon=70.806311 spd=35.0km/h age=0s
2026-04-14 11:54:13,558 [INFO] ARRIVED | bus=1 stop='Ahir Chowk' dist=76m | detection in 90s
2026-04-14 11:54:17,496 [INFO] GPS | lat=22.261169 lon=70.804811 spd=35.0km/h age=0s
2026-04-14 11:54:17,562 [INFO]   At 'Ahir Chowk' — detection in 84s
2026-04-14 11:54:27,571 [INFO]   At 'Ahir Chowk' — detection in 74s
2026-04-14 11:54:37,582 [INFO]   At 'Ahir Chowk' — detection in 64s
2026-04-14 11:54:47,606 [INFO]   At 'Ahir Chowk' — detection in 54s
2026-04-14 11:54:47,608 [INFO] GPS | lat=22.260969 lon=70.804611 spd=35.0km/h age=18s
2026-04-14 11:54:57,639 [INFO]   At 'Ahir Chowk' — detection in 44s
2026-04-14 11:55:07,660 [INFO]   At 'Ahir Chowk' — detection in 34s
2026-04-14 11:55:17,672 [INFO]   At 'Ahir Chowk' — detection in 24s
2026-04-14 11:55:17,713 [INFO] GPS | lat=22.260969 lon=70.804611 spd=35.0km/h age=48s
2026-04-14 11:55:27,682 [INFO]   At 'Ahir Chowk' — detection in 14s
2026-04-14 11:55:37,695 [INFO]   At 'Ahir Chowk' — detection in 4s
2026-04-14 11:55:42,700 [INFO] CAPTURING 4 samples at 'Ahir Chowk'
2026-04-14 11:55:43,410 [INFO] Best: index=3 score=0.0918 | 1280x720
2026-04-14 11:55:47,077 [INFO] Server OK | bus=1 faces=1 granted=0 unpaid=1 invalid=0 not_uni=0
2026-04-14 11:55:47,081 [INFO] DONE | bus=1 stop='Ahir Chowk' faces=1 granted=0 unpaid=1 invalid=0 not_uni=0
2026-04-14 11:55:47,083 [INFO] Validated this shift: 1 students
2026-04-14 11:55:47,873 [INFO] GPS | lat=22.260969 lon=70.804611 spd=35.0km/h age=78s
2026-04-14 11:55:51,279 [INFO] NEW FACE EVENT | stop='Ahir Chowk' — running extra detection
2026-04-14 11:55:51,279 [INFO] CAPTURING 4 samples at 'Ahir Chowk'
2026-04-14 11:55:51,956 [INFO] Best: index=3 score=0.1173 | 1280x720
2026-04-14 11:55:54,292 [INFO] Server OK | bus=1 faces=1 granted=0 unpaid=0 invalid=0 not_uni=0
2026-04-14 11:55:54,296 [INFO] DONE | bus=1 stop='Ahir Chowk' faces=1 granted=0 unpaid=0 invalid=0 not_uni=0
2026-04-14 11:55:54,296 [INFO] Validated this shift: 1 students
2026-04-14 11:56:18,065 [INFO] GPS | lat=22.260969 lon=70.804611 spd=35.0km/h age=108s
2026-04-14 11:56:28,218 [INFO] NEW FACE EVENT | stop='Ahir Chowk' — running extra detection
2026-04-14 11:56:28,219 [INFO] CAPTURING 4 samples at 'Ahir Chowk'
2026-04-14 11:56:28,907 [INFO] Best: index=1 score=0.1240 | 1280x720
2026-04-14 11:56:30,562 [INFO] Server OK | bus=1 faces=1 granted=0 unpaid=0 invalid=0 not_uni=0
2026-04-14 11:56:30,566 [INFO] DONE | bus=1 stop='Ahir Chowk' faces=1 granted=0 unpaid=0 invalid=0 not_uni=0
2026-04-14 11:56:30,568 [INFO] Validated this shift: 1 students
2026-04-14 11:56:41,921 [INFO] NEW FACE EVENT | stop='Ahir Chowk' — running extra detection
2026-04-14 11:56:41,922 [INFO] CAPTURING 4 samples at 'Ahir Chowk'
2026-04-14 11:56:42,611 [INFO] Best: index=1 score=0.0974 | 1280x720
2026-04-14 11:56:44,285 [INFO] Server OK | bus=1 faces=1 granted=0 unpaid=0 invalid=0 not_uni=0
2026-04-14 11:56:44,289 [INFO] DONE | bus=1 stop='Ahir Chowk' faces=1 granted=0 unpaid=0 invalid=0 not_uni=0
2026-04-14 11:56:44,289 [INFO] Validated this shift: 1 students
2026-04-14 11:56:48,200 [INFO] GPS | lat=22.260969 lon=70.804611 spd=35.0km/h age=139s
2026-04-14 11:56:49,434 [INFO] NEW FACE EVENT | stop='Ahir Chowk' — running extra detection
2026-04-14 11:56:49,434 [INFO] CAPTURING 4 samples at 'Ahir Chowk'
2026-04-14 11:56:50,154 [INFO] Best: index=3 score=0.0948 | 1280x720
2026-04-14 11:56:51,875 [INFO] Server OK | bus=1 faces=1 granted=0 unpaid=0 invalid=0 not_uni=0
2026-04-14 11:56:51,879 [INFO] DONE | bus=1 stop='Ahir Chowk' faces=1 granted=0 unpaid=0 invalid=0 not_uni=0
2026-04-14 11:56:51,879 [INFO] Validated this shift: 1 students
2026-04-14 11:57:01,155 [INFO] NEW FACE EVENT | stop='Ahir Chowk' — running extra detection
2026-04-14 11:57:01,155 [INFO] CAPTURING 4 samples at 'Ahir Chowk'
2026-04-14 11:57:01,865 [INFO] Best: index=0 score=0.0723 | 1280x720
2026-04-14 11:57:04,284 [INFO] Server OK | bus=1 faces=2 granted=0 unpaid=1 invalid=0 not_uni=0
2026-04-14 11:57:04,289 [INFO] DONE | bus=1 stop='Ahir Chowk' faces=2 granted=0 unpaid=1 invalid=0 not_uni=0
2026-04-14 11:57:04,289 [INFO] Validated this shift: 2 students
2026-04-14 11:57:11,516 [INFO] NEW FACE EVENT | stop='Ahir Chowk' — running extra detection
2026-04-14 11:57:11,516 [INFO] CAPTURING 4 samples at 'Ahir Chowk'
2026-04-14 11:57:12,214 [INFO] Best: index=3 score=0.0830 | 1280x720
2026-04-14 11:57:13,820 [INFO] Server OK | bus=1 faces=1 granted=0 unpaid=0 invalid=0 not_uni=0
2026-04-14 11:57:13,825 [INFO] DONE | bus=1 stop='Ahir Chowk' faces=1 granted=0 unpaid=0 invalid=0 not_uni=0
2026-04-14 11:57:13,826 [INFO] Validated this shift: 2 students
2026-04-14 11:57:18,436 [INFO] GPS | lat=22.260969 lon=70.804611 spd=35.0km/h age=169s
2026-04-14 11:57:31,276 [INFO] NEW FACE EVENT | stop='Ahir Chowk' — running extra detection
2026-04-14 11:57:31,276 [INFO] CAPTURING 4 samples at 'Ahir Chowk'
2026-04-14 11:57:31,962 [INFO] Best: index=2 score=0.0867 | 1280x720
2026-04-14 11:57:33,318 [INFO] Server OK | bus=1 faces=1 granted=0 unpaid=0 invalid=0 not_uni=0
2026-04-14 11:57:33,324 [INFO] DONE | bus=1 stop='Ahir Chowk' faces=1 granted=0 unpaid=0 invalid=0 not_uni=0
2026-04-14 11:57:33,324 [INFO] Validated this shift: 2 students
2026-04-14 11:57:44,665 [INFO] NEW FACE EVENT | stop='Ahir Chowk' — running extra detection
2026-04-14 11:57:44,665 [INFO] CAPTURING 4 samples at 'Ahir Chowk'
2026-04-14 11:57:45,339 [INFO] Best: index=2 score=0.0895 | 1280x720
2026-04-14 11:57:46,633 [INFO] Server OK | bus=1 faces=1 granted=0 unpaid=0 invalid=0 not_uni=0
2026-04-14 11:57:46,637 [INFO] DONE | bus=1 stop='Ahir Chowk' faces=1 granted=0 unpaid=0 invalid=0 not_uni=0
2026-04-14 11:57:46,637 [INFO] Validated this shift: 2 students
2026-04-14 11:57:48,623 [INFO] GPS | lat=22.260969 lon=70.804611 spd=35.0km/h age=199s
2026-04-14 11:57:59,942 [INFO] No GPS fix yet — waiting...
2026-04-14 11:58:14,949 [INFO] No GPS fix yet — waiting...
2026-04-14 11:58:18,765 [INFO] GPS | lat=22.260969 lon=70.804611 spd=35.0km/h age=229s
2026-04-14 11:58:29,968 [INFO] No GPS fix yet — waiting...
2026-04-14 11:58:45,009 [INFO] No GPS fix yet — waiting...
2026-04-14 11:58:48,918 [INFO] GPS | lat=22.260969 lon=70.804611 spd=35.0km/h age=259s
2026-04-14 11:59:00,016 [INFO] No GPS fix yet — waiting...
2026-04-14 11:59:15,021 [INFO] No GPS fix yet — waiting...
2026-04-14 11:59:19,065 [INFO] GPS | lat=22.260969 lon=70.804611 spd=35.0km/h age=289s
2026-04-14 11:59:19,104 [INFO] Ctrl+C — shutting down cleanly...
2026-04-14 11:59:19,105 [INFO] Offline retry thread stopped
2026-04-14 11:59:19,272 [INFO] Stream thread stopped
2026-04-14 11:59:19,691 [INFO] Camera closed
2026-04-14 11:59:19,692 [INFO] TransBuddy Laptop Client stopped.
2026-04-14 11:59:19,692 [INFO] Session summary — Granted:0 Unpaid:2 Invalid:0 Unknown:0
2026-04-14 11:59:22,006 [INFO] ==============================================================
2026-04-14 11:59:22,006 [INFO]   TransBuddy Laptop Client  v12.0.0 — Marwadi University
2026-04-14 11:59:22,006 [INFO]   Bus ID         : 115
2026-04-14 11:59:22,007 [INFO]   Server         : https://dissuasive-osseous-ethelyn.ngrok-free.dev
2026-04-14 11:59:22,007 [INFO]   GPS Relay      : http://127.0.0.1:6000
2026-04-14 11:59:22,007 [INFO]   Camera index   : 1
2026-04-14 11:59:22,007 [INFO]   Preview window : OFF
2026-04-14 11:59:22,007 [INFO]   Streaming      : ON
2026-04-14 11:59:22,007 [INFO]   Arrive radius  : 80m
2026-04-14 11:59:22,007 [INFO]   Capture delay  : 90s
2026-04-14 11:59:22,007 [INFO]   Offline queue  : offline_queue/
2026-04-14 11:59:22,007 [INFO] ==============================================================
2026-04-14 11:59:22,007 [INFO] Fetching bus stops from server...
2026-04-14 11:59:23,157 [INFO] Loaded 412 stops from server
2026-04-14 11:59:23,158 [INFO] Loaded 412 stops.
2026-04-14 11:59:24,790 [INFO] Bus registered | bus_no=? type=? driver=?
2026-04-14 11:59:24,792 [INFO] Waiting for GPS fix from relay at http://127.0.0.1:6000...
2026-04-14 11:59:24,792 [INFO] Make sure gps_relay_server.py is running and GPS tracking is started in browser.
2026-04-14 11:59:24,797 [WARNING] GPS relay: no fix yet for bus 115. Is gps_relay_server.py running and tracking?
2026-04-14 11:59:44,799 [INFO]   Still waiting for GPS... (20s)
2026-04-14 12:00:04,804 [INFO]   Still waiting for GPS... (40s)
2026-04-14 12:00:05,023 [WARNING] GPS relay: no fix yet for bus 115. Is gps_relay_server.py running and tracking?
2026-04-14 12:00:24,808 [INFO]   Still waiting for GPS... (60s)
2026-04-14 12:00:44,813 [INFO]   Still waiting for GPS... (80s)
2026-04-14 12:00:47,247 [WARNING] GPS relay: no fix yet for bus 115. Is gps_relay_server.py running and tracking?
2026-04-14 12:01:04,817 [INFO]   Still waiting for GPS... (100s)
2026-04-14 12:01:38,520 [INFO] ==============================================================
2026-04-14 12:01:38,522 [INFO]   TransBuddy Laptop Client  v12.0.0 — Marwadi University
2026-04-14 12:01:38,522 [INFO]   Bus ID         : 115
2026-04-14 12:01:38,522 [INFO]   Server         : https://dissuasive-osseous-ethelyn.ngrok-free.dev
2026-04-14 12:01:38,522 [INFO]   GPS Relay      : http://127.0.0.1:6000
2026-04-14 12:01:38,522 [INFO]   Camera index   : 1
2026-04-14 12:01:38,522 [INFO]   Preview window : OFF
2026-04-14 12:01:38,523 [INFO]   Streaming      : ON
2026-04-14 12:01:38,523 [INFO]   Arrive radius  : 80m
2026-04-14 12:01:38,523 [INFO]   Capture delay  : 90s
2026-04-14 12:01:38,523 [INFO]   Offline queue  : offline_queue/
2026-04-14 12:01:38,523 [INFO] ==============================================================
2026-04-14 12:01:38,523 [INFO] Fetching bus stops from server...
2026-04-14 12:01:39,189 [INFO] Loaded 412 stops from server
2026-04-14 12:01:39,190 [INFO] Loaded 412 stops.
2026-04-14 12:01:39,443 [INFO] Bus registered | bus_no=115 type=Large driver=MR. NAVGHNBHAI MAGHABHAI MIR
2026-04-14 12:01:39,446 [INFO] Waiting for GPS fix from relay at http://127.0.0.1:6000...
2026-04-14 12:01:39,448 [INFO] Make sure gps_relay_server.py is running and GPS tracking is started in browser.
2026-04-14 12:01:39,450 [WARNING] GPS relay: no fix yet for bus 115. Is gps_relay_server.py running and tracking?
2026-04-14 12:01:59,453 [INFO]   Still waiting for GPS... (20s)
2026-04-14 12:02:19,466 [INFO]   Still waiting for GPS... (40s)
2026-04-14 12:02:19,645 [WARNING] GPS relay: no fix yet for bus 115. Is gps_relay_server.py running and tracking?
2026-04-14 12:02:39,470 [INFO]   Still waiting for GPS... (60s)
2026-04-14 12:02:59,476 [INFO]   Still waiting for GPS... (80s)
2026-04-14 12:02:59,825 [WARNING] GPS relay: no fix yet for bus 115. Is gps_relay_server.py running and tracking?
2026-04-14 12:03:19,480 [INFO]   Still waiting for GPS... (100s)
2026-04-14 12:03:39,484 [INFO]   Still waiting for GPS... (120s)
2026-04-14 12:03:39,484 [WARNING] No GPS fix after 120s — continuing without GPS (stops won't trigger)
2026-04-14 12:03:39,484 [INFO] Opening camera index 1...
2026-04-14 12:03:40,096 [WARNING] GPS relay: no fix yet for bus 115. Is gps_relay_server.py running and tracking?
2026-04-14 12:03:40,772 [INFO] Camera 1 opened — warming up (5 frames)...
2026-04-14 12:03:41,774 [INFO] Camera ready | 1280x720
2026-04-14 12:03:42,276 [INFO] Stream thread started
2026-04-14 12:03:42,276 [INFO] Offline retry thread started
2026-04-14 12:03:43,037 [INFO] Validated today (morning slot): 2 GRs
2026-04-14 12:03:43,070 [INFO] Tracking started. Waiting for bus to approach a stop...
2026-04-14 12:03:58,078 [INFO] No GPS fix yet — waiting...
2026-04-14 12:04:13,092 [INFO] No GPS fix yet — waiting...
2026-04-14 12:04:20,280 [WARNING] GPS relay: no fix yet for bus 115. Is gps_relay_server.py running and tracking?
2026-04-14 12:04:28,100 [INFO] No GPS fix yet — waiting...
2026-04-14 12:04:43,107 [INFO] No GPS fix yet — waiting...
2026-04-14 12:04:58,134 [INFO] No GPS fix yet — waiting...
2026-04-14 12:05:00,452 [WARNING] GPS relay: no fix yet for bus 115. Is gps_relay_server.py running and tracking?
2026-04-14 12:05:13,140 [INFO] No GPS fix yet — waiting...
2026-04-14 12:05:28,145 [INFO] No GPS fix yet — waiting...
2026-04-14 12:05:40,588 [WARNING] GPS relay: no fix yet for bus 115. Is gps_relay_server.py running and tracking?
2026-04-14 12:05:43,152 [INFO] No GPS fix yet — waiting...
2026-04-14 12:05:58,157 [INFO] No GPS fix yet — waiting...
2026-04-14 12:06:13,163 [INFO] No GPS fix yet — waiting...
2026-04-14 12:06:20,782 [WARNING] GPS relay: no fix yet for bus 115. Is gps_relay_server.py running and tracking?
2026-04-14 12:06:28,169 [INFO] No GPS fix yet — waiting...
2026-04-14 12:06:43,175 [INFO] No GPS fix yet — waiting...
2026-04-14 12:07:11,058 [INFO] GPS | lat=22.262169 lon=70.805811 spd=35.0km/h age=1s
2026-04-14 12:07:25,632 [INFO] ARRIVED | bus=115 stop='Ahir Chowk' dist=76m | detection in 90s
2026-04-14 12:07:33,642 [INFO]   At 'Ahir Chowk' — detection in 82s
2026-04-14 12:07:41,224 [INFO] GPS | lat=22.260969 lon=70.804611 spd=35.0km/h age=1s
2026-04-14 12:07:43,662 [INFO]   At 'Ahir Chowk' — detection in 72s
2026-04-14 12:07:53,674 [INFO]   At 'Ahir Chowk' — detection in 62s
2026-04-14 12:08:03,686 [INFO]   At 'Ahir Chowk' — detection in 52s
2026-04-14 12:08:11,366 [INFO] GPS | lat=22.260969 lon=70.804611 spd=35.0km/h age=29s
2026-04-14 12:08:13,696 [INFO]   At 'Ahir Chowk' — detection in 42s
2026-04-14 12:08:23,709 [INFO]   At 'Ahir Chowk' — detection in 32s
2026-04-14 12:08:33,722 [INFO]   At 'Ahir Chowk' — detection in 21s
2026-04-14 12:08:41,474 [INFO] GPS | lat=22.260969 lon=70.804611 spd=35.0km/h age=59s
2026-04-14 12:08:43,733 [INFO]   At 'Ahir Chowk' — detection in 11s
2026-04-14 12:08:53,742 [INFO]   At 'Ahir Chowk' — detection in 1s
2026-04-14 12:08:55,745 [INFO] CAPTURING 4 samples at 'Ahir Chowk'
2026-04-14 12:08:56,432 [INFO] Best: index=0 score=0.1233 | 1280x720
2026-04-14 12:08:59,715 [INFO] Server OK | bus=115 faces=1 granted=0 unpaid=0 invalid=0 not_uni=0
2026-04-14 12:08:59,718 [INFO] DONE | bus=115 stop='Ahir Chowk' faces=1 granted=0 unpaid=0 invalid=0 not_uni=0
2026-04-14 12:08:59,719 [INFO] Validated this shift: 2 students
2026-04-14 12:09:10,008 [INFO] NEW FACE EVENT | stop='Ahir Chowk' — running extra detection
2026-04-14 12:09:10,008 [INFO] CAPTURING 4 samples at 'Ahir Chowk'
2026-04-14 12:09:10,703 [INFO] Best: index=0 score=0.1263 | 1280x720
2026-04-14 12:09:11,688 [INFO] GPS | lat=22.260969 lon=70.804611 spd=35.0km/h age=89s
2026-04-14 12:09:12,646 [INFO] Server OK | bus=115 faces=1 granted=0 unpaid=0 invalid=0 not_uni=0
2026-04-14 12:09:12,648 [INFO] DONE | bus=115 stop='Ahir Chowk' faces=1 granted=0 unpaid=0 invalid=0 not_uni=0
2026-04-14 12:09:12,649 [INFO] Validated this shift: 2 students
2026-04-14 12:09:36,416 [INFO] NEW FACE EVENT | stop='Ahir Chowk' — running extra detection
2026-04-14 12:09:36,416 [INFO] CAPTURING 4 samples at 'Ahir Chowk'
2026-04-14 12:09:37,160 [INFO] Best: index=2 score=0.1450 | 1280x720
2026-04-14 12:09:39,064 [INFO] Server OK | bus=115 faces=2 granted=0 unpaid=0 invalid=0 not_uni=1
2026-04-14 12:09:39,072 [INFO] DONE | bus=115 stop='Ahir Chowk' faces=2 granted=0 unpaid=0 invalid=0 not_uni=1
2026-04-14 12:09:39,072 [INFO] Validated this shift: 2 students
2026-04-14 12:09:41,827 [INFO] GPS | lat=22.260969 lon=70.804611 spd=35.0km/h age=119s
2026-04-14 12:10:00,742 [INFO] NEW FACE EVENT | stop='Ahir Chowk' — running extra detection
2026-04-14 12:10:00,742 [INFO] CAPTURING 4 samples at 'Ahir Chowk'
2026-04-14 12:10:01,406 [INFO] Best: index=3 score=0.1126 | 1280x720
2026-04-14 12:10:03,191 [INFO] Server OK | bus=115 faces=1 granted=0 unpaid=0 invalid=0 not_uni=0
2026-04-14 12:10:03,193 [INFO] DONE | bus=115 stop='Ahir Chowk' faces=1 granted=0 unpaid=0 invalid=0 not_uni=0
2026-04-14 12:10:03,193 [INFO] Validated this shift: 2 students
2026-04-14 12:10:12,046 [INFO] GPS | lat=22.260969 lon=70.804611 spd=35.0km/h age=150s
2026-04-14 12:10:22,654 [INFO] NEW FACE EVENT | stop='Ahir Chowk' — running extra detection
2026-04-14 12:10:22,655 [INFO] CAPTURING 4 samples at 'Ahir Chowk'
2026-04-14 12:10:23,347 [INFO] Best: index=1 score=0.1253 | 1280x720
2026-04-14 12:10:24,826 [INFO] Server OK | bus=115 faces=1 granted=0 unpaid=0 invalid=1 not_uni=0
2026-04-14 12:10:24,831 [INFO] DONE | bus=115 stop='Ahir Chowk' faces=1 granted=0 unpaid=0 invalid=1 not_uni=0
2026-04-14 12:10:24,831 [INFO] Validated this shift: 3 students
2026-04-14 12:10:32,073 [INFO] NEW FACE EVENT | stop='Ahir Chowk' — running extra detection
2026-04-14 12:10:32,073 [INFO] CAPTURING 4 samples at 'Ahir Chowk'
2026-04-14 12:10:32,746 [INFO] Best: index=1 score=0.1282 | 1280x720
2026-04-14 12:10:33,781 [INFO] Server OK | bus=115 faces=0 granted=0 unpaid=0 invalid=0 not_uni=0
2026-04-14 12:10:33,784 [INFO] DONE | bus=115 stop='Ahir Chowk' faces=0 granted=0 unpaid=0 invalid=0 not_uni=0
2026-04-14 12:10:33,784 [INFO] Validated this shift: 3 students
2026-04-14 12:10:41,046 [INFO] NEW FACE EVENT | stop='Ahir Chowk' — running extra detection
2026-04-14 12:10:41,046 [INFO] CAPTURING 4 samples at 'Ahir Chowk'
2026-04-14 12:10:41,728 [INFO] Best: index=0 score=0.2561 | 1280x720
2026-04-14 12:10:42,210 [INFO] GPS | lat=22.260969 lon=70.804611 spd=35.0km/h age=180s
2026-04-14 12:10:42,863 [INFO] Server OK | bus=115 faces=0 granted=0 unpaid=0 invalid=0 not_uni=0
2026-04-14 12:10:42,865 [INFO] DONE | bus=115 stop='Ahir Chowk' faces=0 granted=0 unpaid=0 invalid=0 not_uni=0
2026-04-14 12:10:42,866 [INFO] Validated this shift: 3 students
2026-04-14 12:10:48,002 [INFO] NEW FACE EVENT | stop='Ahir Chowk' — running extra detection
2026-04-14 12:10:48,002 [INFO] CAPTURING 4 samples at 'Ahir Chowk'
2026-04-14 12:10:48,662 [INFO] Best: index=2 score=0.1136 | 1280x720
2026-04-14 12:10:50,086 [INFO] Server OK | bus=115 faces=1 granted=0 unpaid=0 invalid=1 not_uni=0
2026-04-14 12:10:50,089 [INFO] DONE | bus=115 stop='Ahir Chowk' faces=1 granted=0 unpaid=0 invalid=1 not_uni=0
2026-04-14 12:10:50,089 [INFO] Validated this shift: 4 students
2026-04-14 12:10:59,374 [INFO] NEW FACE EVENT | stop='Ahir Chowk' — running extra detection
2026-04-14 12:10:59,374 [INFO] CAPTURING 4 samples at 'Ahir Chowk'
2026-04-14 12:11:00,056 [INFO] Best: index=3 score=0.0540 | 1280x720
2026-04-14 12:11:01,474 [INFO] Server OK | bus=115 faces=1 granted=0 unpaid=0 invalid=0 not_uni=1
2026-04-14 12:11:01,478 [INFO] DONE | bus=115 stop='Ahir Chowk' faces=1 granted=0 unpaid=0 invalid=0 not_uni=1
2026-04-14 12:11:01,478 [INFO] Validated this shift: 4 students
2026-04-14 12:11:08,664 [INFO] NEW FACE EVENT | stop='Ahir Chowk' — running extra detection
2026-04-14 12:11:08,665 [INFO] CAPTURING 4 samples at 'Ahir Chowk'
2026-04-14 12:11:09,349 [INFO] Best: index=2 score=0.1461 | 1280x720
2026-04-14 12:11:10,691 [INFO] Server OK | bus=115 faces=1 granted=1 unpaid=0 invalid=0 not_uni=0
2026-04-14 12:11:10,693 [INFO] DONE | bus=115 stop='Ahir Chowk' faces=1 granted=1 unpaid=0 invalid=0 not_uni=0
2026-04-14 12:11:10,693 [INFO] Validated this shift: 5 students
2026-04-14 12:11:12,342 [INFO] GPS | lat=22.260969 lon=70.804611 spd=35.0km/h age=210s
2026-04-14 12:11:25,706 [INFO] No GPS fix yet — waiting...
2026-04-14 12:11:40,715 [INFO] No GPS fix yet — waiting...
2026-04-14 12:11:42,525 [INFO] GPS | lat=22.260969 lon=70.804611 spd=35.0km/h age=240s
2026-04-14 12:11:55,725 [INFO] No GPS fix yet — waiting...
2026-04-14 12:12:10,731 [INFO] No GPS fix yet — waiting...
2026-04-14 12:12:12,728 [INFO] GPS | lat=22.260969 lon=70.804611 spd=35.0km/h age=270s
2026-04-14 12:12:25,740 [INFO] No GPS fix yet — waiting...
2026-04-14 12:12:40,748 [INFO] No GPS fix yet — waiting...
2026-04-14 12:12:42,877 [INFO] GPS | lat=22.260969 lon=70.804611 spd=35.0km/h age=300s
2026-04-14 12:12:55,757 [INFO] No GPS fix yet — waiting...
2026-04-14 12:13:10,771 [INFO] No GPS fix yet — waiting...
2026-04-14 12:13:13,001 [INFO] GPS | lat=22.260969 lon=70.804611 spd=35.0km/h age=331s
2026-04-14 12:13:25,779 [INFO] No GPS fix yet — waiting...
2026-04-14 12:13:40,786 [INFO] No GPS fix yet — waiting...
2026-04-14 12:13:43,124 [INFO] GPS | lat=22.260969 lon=70.804611 spd=35.0km/h age=361s
2026-04-14 12:13:55,793 [INFO] No GPS fix yet — waiting...
2026-04-14 12:14:10,802 [INFO] No GPS fix yet — waiting...
2026-04-14 12:14:13,284 [INFO] GPS | lat=22.260969 lon=70.804611 spd=35.0km/h age=391s
2026-04-14 12:14:25,808 [INFO] No GPS fix yet — waiting...
2026-04-14 12:14:40,815 [INFO] No GPS fix yet — waiting...
2026-04-14 12:14:43,430 [INFO] GPS | lat=22.260969 lon=70.804611 spd=35.0km/h age=421s
2026-04-14 12:14:55,822 [INFO] No GPS fix yet — waiting...
2026-04-14 12:15:10,829 [INFO] No GPS fix yet — waiting...
2026-04-14 12:15:13,628 [INFO] GPS | lat=22.260969 lon=70.804611 spd=35.0km/h age=451s
2026-04-14 12:15:25,835 [INFO] No GPS fix yet — waiting...
2026-04-14 12:15:40,841 [INFO] No GPS fix yet — waiting...
2026-04-14 12:15:43,785 [INFO] GPS | lat=22.260969 lon=70.804611 spd=35.0km/h age=481s
2026-04-14 12:15:55,849 [INFO] No GPS fix yet — waiting...
2026-04-14 12:16:10,857 [INFO] No GPS fix yet — waiting...
2026-04-14 12:16:13,971 [INFO] GPS | lat=22.260969 lon=70.804611 spd=35.0km/h age=512s
2026-04-14 12:16:25,865 [INFO] No GPS fix yet — waiting...
2026-04-14 12:16:40,873 [INFO] No GPS fix yet — waiting...
2026-04-14 12:16:44,126 [INFO] GPS | lat=22.260969 lon=70.804611 spd=35.0km/h age=542s
2026-04-14 12:16:55,880 [INFO] No GPS fix yet — waiting...
2026-04-14 12:17:10,889 [INFO] No GPS fix yet — waiting...
2026-04-14 12:17:14,331 [INFO] GPS | lat=22.260969 lon=70.804611 spd=35.0km/h age=572s
2026-04-14 12:17:25,896 [INFO] No GPS fix yet — waiting...
2026-04-14 12:17:40,903 [INFO] No GPS fix yet — waiting...
2026-04-14 12:17:44,497 [INFO] GPS | lat=22.260969 lon=70.804611 spd=35.0km/h age=602s
2026-04-14 12:17:55,916 [INFO] No GPS fix yet — waiting...
2026-04-14 12:18:10,931 [INFO] No GPS fix yet — waiting...
2026-04-14 12:18:14,736 [INFO] GPS | lat=22.260969 lon=70.804611 spd=35.0km/h age=632s
2026-04-14 12:18:25,943 [INFO] No GPS fix yet — waiting...
2026-04-14 12:18:40,950 [INFO] No GPS fix yet — waiting...
2026-04-14 12:18:44,955 [INFO] GPS | lat=22.260969 lon=70.804611 spd=35.0km/h age=662s
2026-04-14 12:18:55,957 [INFO] No GPS fix yet — waiting...
2026-04-14 12:19:10,964 [INFO] No GPS fix yet — waiting...
2026-04-14 12:19:15,133 [INFO] GPS | lat=22.260969 lon=70.804611 spd=35.0km/h age=693s
2026-04-14 12:19:25,989 [INFO] No GPS fix yet — waiting...
2026-04-14 12:19:40,996 [INFO] No GPS fix yet — waiting...
2026-04-14 12:19:45,303 [INFO] GPS | lat=22.260969 lon=70.804611 spd=35.0km/h age=723s
2026-04-14 12:19:56,015 [INFO] No GPS fix yet — waiting...
2026-04-14 12:20:01,260 [INFO] Ctrl+C — shutting down cleanly...
2026-04-14 12:20:01,260 [INFO] Offline retry thread stopped
2026-04-14 12:20:01,490 [INFO] Stream thread stopped
2026-04-14 12:20:01,833 [INFO] Camera closed
2026-04-14 12:20:01,833 [INFO] TransBuddy Laptop Client stopped.
2026-04-14 12:20:01,833 [INFO] Session summary — Granted:1 Unpaid:0 Invalid:2 Unknown:2
2026-04-14 12:20:49,287 [INFO] ==============================================================
2026-04-14 12:20:49,288 [INFO]   TransBuddy Laptop Client  v12.0.0 — Marwadi University
2026-04-14 12:20:49,288 [INFO]   Bus ID         : 1
2026-04-14 12:20:49,288 [INFO]   Server         : https://dissuasive-osseous-ethelyn.ngrok-free.dev
2026-04-14 12:20:49,288 [INFO]   GPS Relay      : http://127.0.0.1:6000
2026-04-14 12:20:49,288 [INFO]   Camera index   : 1
2026-04-14 12:20:49,288 [INFO]   Preview window : OFF
2026-04-14 12:20:49,289 [INFO]   Streaming      : ON
2026-04-14 12:20:49,289 [INFO]   Arrive radius  : 80m
2026-04-14 12:20:49,289 [INFO]   Capture delay  : 90s
2026-04-14 12:20:49,289 [INFO]   Offline queue  : offline_queue/
2026-04-14 12:20:49,289 [INFO] ==============================================================
2026-04-14 12:20:49,289 [INFO] Fetching bus stops from server...
2026-04-14 12:20:50,709 [INFO] Loaded 412 stops from server
2026-04-14 12:20:50,710 [INFO] Loaded 412 stops.
2026-04-14 12:20:51,724 [INFO] Bus registered | bus_no=? type=? driver=?
2026-04-14 12:20:51,727 [INFO] Waiting for GPS fix from relay at http://127.0.0.1:6000...
2026-04-14 12:20:51,727 [INFO] Make sure gps_relay_server.py is running and GPS tracking is started in browser.
2026-04-14 12:20:51,731 [WARNING] GPS relay: no fix yet for bus 1. Is gps_relay_server.py running and tracking?
2026-04-14 12:21:11,733 [INFO]   Still waiting for GPS... (20s)
2026-04-14 12:21:31,738 [INFO]   Still waiting for GPS... (40s)
2026-04-14 12:21:31,957 [WARNING] GPS relay: no fix yet for bus 1. Is gps_relay_server.py running and tracking?
2026-04-14 12:21:51,744 [INFO]   Still waiting for GPS... (60s)
2026-04-14 12:22:11,748 [INFO]   Still waiting for GPS... (80s)
2026-04-14 12:22:12,320 [WARNING] GPS relay: no fix yet for bus 1. Is gps_relay_server.py running and tracking?
2026-04-14 12:22:31,752 [INFO]   Still waiting for GPS... (100s)
2026-04-14 12:22:51,756 [INFO]   Still waiting for GPS... (120s)
2026-04-14 12:22:51,756 [WARNING] No GPS fix after 120s — continuing without GPS (stops won't trigger)
2026-04-14 12:22:51,756 [INFO] Opening camera index 1...
2026-04-14 12:22:52,958 [INFO] Camera 1 opened — warming up (5 frames)...
2026-04-14 12:22:53,960 [INFO] Camera ready | 1280x720
2026-04-14 12:22:54,461 [INFO] Stream thread started
2026-04-14 12:22:54,461 [INFO] Offline retry thread started
2026-04-14 12:22:55,276 [INFO] Validated today (morning slot): 0 GRs
2026-04-14 12:22:55,306 [INFO] Tracking started. Waiting for bus to approach a stop...
2026-04-14 12:23:10,314 [INFO] No GPS fix yet — waiting...
2026-04-14 12:23:13,266 [INFO] Ctrl+C — shutting down cleanly...
2026-04-14 12:23:13,266 [INFO] Offline retry thread stopped
2026-04-14 12:23:13,547 [INFO] Stream thread stopped
2026-04-14 12:23:13,830 [INFO] Camera closed
2026-04-14 12:23:13,830 [INFO] TransBuddy Laptop Client stopped.
2026-04-14 12:23:13,830 [INFO] Session summary — Granted:0 Unpaid:0 Invalid:0 Unknown:0
2026-04-14 12:24:18,325 [INFO] ==============================================================
2026-04-14 12:24:18,325 [INFO]   TransBuddy Laptop Client  v12.0.0 — Marwadi University
2026-04-14 12:24:18,326 [INFO]   Bus ID         : 115
2026-04-14 12:24:18,326 [INFO]   Server         : https://dissuasive-osseous-ethelyn.ngrok-free.dev
2026-04-14 12:24:18,326 [INFO]   GPS Relay      : http://127.0.0.1:6000
2026-04-14 12:24:18,326 [INFO]   Camera index   : 1
2026-04-14 12:24:18,326 [INFO]   Preview window : OFF
2026-04-14 12:24:18,326 [INFO]   Streaming      : ON
2026-04-14 12:24:18,326 [INFO]   Arrive radius  : 80m
2026-04-14 12:24:18,326 [INFO]   Capture delay  : 90s
2026-04-14 12:24:18,327 [INFO]   Offline queue  : offline_queue/
2026-04-14 12:24:18,327 [INFO] ==============================================================
2026-04-14 12:24:18,327 [INFO] Fetching bus stops from server...
2026-04-14 12:24:19,649 [INFO] Loaded 412 stops from server
2026-04-14 12:24:19,650 [INFO] Loaded 412 stops.
2026-04-14 12:24:21,327 [WARNING] Bus registration failed: ('Connection aborted.', RemoteDisconnected('Remote end closed connection without response'))
2026-04-14 12:24:21,329 [INFO] Waiting for GPS fix from relay at http://127.0.0.1:6000...
2026-04-14 12:24:21,329 [INFO] Make sure gps_relay_server.py is running and GPS tracking is started in browser.
2026-04-14 12:24:21,349 [INFO] GPS | lat=22.262169 lon=70.805811 spd=35.0km/h age=1s
2026-04-14 12:24:23,331 [INFO] GPS fix acquired | lat=22.262169 lon=70.805811
2026-04-14 12:24:23,331 [INFO] Opening camera index 1...
2026-04-14 12:24:24,647 [INFO] Camera 1 opened — warming up (5 frames)...
2026-04-14 12:24:25,651 [INFO] Camera ready | 1280x720
2026-04-14 12:24:26,152 [INFO] Stream thread started
2026-04-14 12:24:26,153 [INFO] Offline retry thread started
2026-04-14 12:24:26,975 [INFO] Validated today (morning slot): 0 GRs
2026-04-14 12:24:27,037 [INFO] Tracking started. Waiting for bus to approach a stop...
2026-04-14 12:24:36,369 [INFO] ARRIVED | bus=115 stop='Ahir Chowk' dist=76m | detection in 90s
2026-04-14 12:24:37,371 [INFO]   At 'Ahir Chowk' — detection in 89s
2026-04-14 12:24:47,380 [INFO]   At 'Ahir Chowk' — detection in 79s
2026-04-14 12:24:51,516 [INFO] GPS | lat=22.260969 lon=70.804611 spd=35.0km/h age=1s
2026-04-14 12:24:57,392 [INFO]   At 'Ahir Chowk' — detection in 69s
2026-04-14 12:25:07,403 [INFO]   At 'Ahir Chowk' — detection in 59s
2026-04-14 12:25:17,414 [INFO]   At 'Ahir Chowk' — detection in 49s
2026-04-14 12:25:21,696 [INFO] GPS | lat=22.260969 lon=70.804611 spd=35.0km/h age=29s
2026-04-14 12:25:27,426 [INFO]   At 'Ahir Chowk' — detection in 39s
2026-04-14 12:25:37,435 [INFO]   At 'Ahir Chowk' — detection in 29s
2026-04-14 12:25:47,446 [INFO]   At 'Ahir Chowk' — detection in 19s
2026-04-14 12:25:51,839 [INFO] GPS | lat=22.260969 lon=70.804611 spd=35.0km/h age=59s
2026-04-14 12:25:57,456 [INFO]   At 'Ahir Chowk' — detection in 9s
2026-04-14 12:26:06,465 [INFO] CAPTURING 4 samples at 'Ahir Chowk'
2026-04-14 12:26:07,148 [INFO] Best: index=3 score=0.1045 | 1280x720
2026-04-14 12:26:21,643 [INFO] Server OK | bus=115 faces=2 granted=0 unpaid=1 invalid=1 not_uni=0
2026-04-14 12:26:21,646 [INFO] DONE | bus=115 stop='Ahir Chowk' faces=2 granted=0 unpaid=1 invalid=1 not_uni=0
2026-04-14 12:26:21,646 [INFO] Validated this shift: 2 students
2026-04-14 12:26:22,019 [INFO] GPS | lat=22.260969 lon=70.804611 spd=35.0km/h age=89s
2026-04-14 12:26:27,819 [INFO] NEW FACE EVENT | stop='Ahir Chowk' — running extra detection
2026-04-14 12:26:27,820 [INFO] CAPTURING 4 samples at 'Ahir Chowk'
2026-04-14 12:26:28,527 [INFO] Best: index=2 score=0.0666 | 1280x720
2026-04-14 12:26:33,006 [INFO] Server OK | bus=115 faces=1 granted=0 unpaid=0 invalid=0 not_uni=0
2026-04-14 12:26:33,009 [INFO] DONE | bus=115 stop='Ahir Chowk' faces=1 granted=0 unpaid=0 invalid=0 not_uni=0
2026-04-14 12:26:33,010 [INFO] Validated this shift: 2 students
2026-04-14 12:26:36,120 [INFO] NEW FACE EVENT | stop='Ahir Chowk' — running extra detection
2026-04-14 12:26:36,120 [INFO] CAPTURING 4 samples at 'Ahir Chowk'
2026-04-14 12:26:36,833 [INFO] Best: index=3 score=0.0751 | 1280x720
2026-04-14 12:26:44,846 [INFO] Server OK | bus=115 faces=0 granted=0 unpaid=0 invalid=0 not_uni=0
2026-04-14 12:26:44,849 [INFO] DONE | bus=115 stop='Ahir Chowk' faces=0 granted=0 unpaid=0 invalid=0 not_uni=0
2026-04-14 12:26:44,849 [INFO] Validated this shift: 2 students
2026-04-14 12:26:45,914 [INFO] NEW FACE EVENT | stop='Ahir Chowk' — running extra detection
2026-04-14 12:26:45,915 [INFO] CAPTURING 4 samples at 'Ahir Chowk'
2026-04-14 12:26:46,577 [INFO] Best: index=0 score=0.0683 | 1280x720
2026-04-14 12:26:52,190 [INFO] GPS | lat=22.260969 lon=70.804611 spd=35.0km/h age=120s
2026-04-14 12:26:58,378 [INFO] Server OK | bus=115 faces=1 granted=0 unpaid=0 invalid=0 not_uni=0
2026-04-14 12:26:58,382 [INFO] DONE | bus=115 stop='Ahir Chowk' faces=1 granted=0 unpaid=0 invalid=0 not_uni=0
2026-04-14 12:26:58,383 [INFO] Validated this shift: 2 students
2026-04-14 12:26:59,448 [INFO] NEW FACE EVENT | stop='Ahir Chowk' — running extra detection
2026-04-14 12:26:59,449 [INFO] CAPTURING 4 samples at 'Ahir Chowk'
2026-04-14 12:27:00,181 [INFO] Best: index=2 score=0.0760 | 1280x720
2026-04-14 12:27:03,573 [INFO] Server OK | bus=115 faces=2 granted=0 unpaid=0 invalid=1 not_uni=0
2026-04-14 12:27:03,575 [INFO] DONE | bus=115 stop='Ahir Chowk' faces=2 granted=0 unpaid=0 invalid=1 not_uni=0
2026-04-14 12:27:03,575 [INFO] Validated this shift: 3 students
2026-04-14 12:27:06,684 [INFO] NEW FACE EVENT | stop='Ahir Chowk' — running extra detection
2026-04-14 12:27:06,684 [INFO] CAPTURING 4 samples at 'Ahir Chowk'
2026-04-14 12:27:07,366 [INFO] Best: index=2 score=0.0819 | 1280x720
2026-04-14 12:27:10,970 [INFO] Server OK | bus=115 faces=3 granted=0 unpaid=0 invalid=1 not_uni=0
2026-04-14 12:27:10,973 [INFO] DONE | bus=115 stop='Ahir Chowk' faces=3 granted=0 unpaid=0 invalid=1 not_uni=0
2026-04-14 12:27:10,973 [INFO] Validated this shift: 4 students
2026-04-14 12:27:16,136 [INFO] NEW FACE EVENT | stop='Ahir Chowk' — running extra detection
2026-04-14 12:27:16,136 [INFO] CAPTURING 4 samples at 'Ahir Chowk'
2026-04-14 12:27:16,809 [INFO] Best: index=1 score=0.0692 | 1280x720
2026-04-14 12:27:20,794 [INFO] Server OK | bus=115 faces=4 granted=0 unpaid=0 invalid=1 not_uni=0
2026-04-14 12:27:20,798 [INFO] DONE | bus=115 stop='Ahir Chowk' faces=4 granted=0 unpaid=0 invalid=1 not_uni=0
2026-04-14 12:27:20,798 [INFO] Validated this shift: 5 students
2026-04-14 12:27:22,437 [INFO] GPS | lat=22.260969 lon=70.804611 spd=35.0km/h age=150s
2026-04-14 12:27:23,968 [INFO] NEW FACE EVENT | stop='Ahir Chowk' — running extra detection
2026-04-14 12:27:23,969 [INFO] CAPTURING 4 samples at 'Ahir Chowk'
2026-04-14 12:27:24,649 [INFO] Best: index=0 score=0.0958 | 1280x720
2026-04-14 12:27:27,828 [INFO] Server OK | bus=115 faces=3 granted=0 unpaid=0 invalid=0 not_uni=0
2026-04-14 12:27:27,831 [INFO] DONE | bus=115 stop='Ahir Chowk' faces=3 granted=0 unpaid=0 invalid=0 not_uni=0
2026-04-14 12:27:27,832 [INFO] Validated this shift: 5 students
2026-04-14 12:27:33,034 [INFO] NEW FACE EVENT | stop='Ahir Chowk' — running extra detection
2026-04-14 12:27:33,034 [INFO] CAPTURING 4 samples at 'Ahir Chowk'
2026-04-14 12:27:33,800 [INFO] Best: index=0 score=0.1146 | 1280x720
2026-04-14 12:27:36,535 [INFO] Server OK | bus=115 faces=3 granted=0 unpaid=0 invalid=0 not_uni=2
2026-04-14 12:27:36,539 [INFO] DONE | bus=115 stop='Ahir Chowk' faces=3 granted=0 unpaid=0 invalid=0 not_uni=2
2026-04-14 12:27:36,539 [INFO] Validated this shift: 5 students
2026-04-14 12:27:41,728 [INFO] NEW FACE EVENT | stop='Ahir Chowk' — running extra detection
2026-04-14 12:27:41,728 [INFO] CAPTURING 4 samples at 'Ahir Chowk'
2026-04-14 12:27:42,393 [INFO] Best: index=0 score=0.1070 | 1280x720
2026-04-14 12:27:44,818 [INFO] Server OK | bus=115 faces=2 granted=0 unpaid=0 invalid=0 not_uni=1
2026-04-14 12:27:44,822 [INFO] DONE | bus=115 stop='Ahir Chowk' faces=2 granted=0 unpaid=0 invalid=0 not_uni=1
2026-04-14 12:27:44,823 [INFO] Validated this shift: 5 students
2026-04-14 12:27:47,974 [INFO] NEW FACE EVENT | stop='Ahir Chowk' — running extra detection
2026-04-14 12:27:47,975 [INFO] CAPTURING 4 samples at 'Ahir Chowk'
2026-04-14 12:27:48,646 [INFO] Best: index=1 score=0.1097 | 1280x720
2026-04-14 12:27:52,308 [INFO] Server OK | bus=115 faces=4 granted=0 unpaid=1 invalid=0 not_uni=1
2026-04-14 12:27:52,311 [INFO] DONE | bus=115 stop='Ahir Chowk' faces=4 granted=0 unpaid=1 invalid=0 not_uni=1
2026-04-14 12:27:52,312 [INFO] Validated this shift: 6 students
2026-04-14 12:27:52,664 [INFO] GPS | lat=22.260969 lon=70.804611 spd=35.0km/h age=180s
2026-04-14 12:28:01,643 [INFO] NEW FACE EVENT | stop='Ahir Chowk' — running extra detection
2026-04-14 12:28:01,643 [INFO] CAPTURING 4 samples at 'Ahir Chowk'
2026-04-14 12:28:02,332 [INFO] Best: index=1 score=0.1093 | 1280x720
2026-04-14 12:28:05,724 [INFO] Server OK | bus=115 faces=4 granted=0 unpaid=0 invalid=1 not_uni=0
2026-04-14 12:28:05,727 [INFO] DONE | bus=115 stop='Ahir Chowk' faces=4 granted=0 unpaid=0 invalid=1 not_uni=0
2026-04-14 12:28:05,727 [INFO] Validated this shift: 7 students
2026-04-14 12:28:13,030 [INFO] NEW FACE EVENT | stop='Ahir Chowk' — running extra detection
2026-04-14 12:28:13,030 [INFO] CAPTURING 4 samples at 'Ahir Chowk'
2026-04-14 12:28:13,696 [INFO] Best: index=3 score=0.0743 | 1280x720
2026-04-14 12:28:16,490 [INFO] Server OK | bus=115 faces=3 granted=0 unpaid=0 invalid=0 not_uni=0
2026-04-14 12:28:16,494 [INFO] DONE | bus=115 stop='Ahir Chowk' faces=3 granted=0 unpaid=0 invalid=0 not_uni=0
2026-04-14 12:28:16,495 [INFO] Validated this shift: 7 students
2026-04-14 12:28:22,816 [INFO] GPS | lat=22.260969 lon=70.804611 spd=35.0km/h age=210s
2026-04-14 12:28:31,678 [INFO] No GPS fix yet — waiting...
2026-04-14 12:28:46,686 [INFO] No GPS fix yet — waiting...
2026-04-14 12:28:52,979 [INFO] GPS | lat=22.260969 lon=70.804611 spd=35.0km/h age=240s
2026-04-14 12:29:01,693 [INFO] No GPS fix yet — waiting...
2026-04-14 12:29:16,701 [INFO] No GPS fix yet — waiting...
2026-04-14 12:29:23,203 [INFO] GPS | lat=22.260969 lon=70.804611 spd=35.0km/h age=271s
2026-04-14 12:29:31,708 [INFO] No GPS fix yet — waiting...
2026-04-14 12:29:46,714 [INFO] No GPS fix yet — waiting...
2026-04-14 12:29:53,466 [INFO] GPS | lat=22.260969 lon=70.804611 spd=35.0km/h age=301s
2026-04-14 12:30:01,721 [INFO] No GPS fix yet — waiting...
2026-04-14 12:30:16,729 [INFO] No GPS fix yet — waiting...
2026-04-14 12:30:23,629 [INFO] GPS | lat=22.260969 lon=70.804611 spd=35.0km/h age=331s
2026-04-14 12:30:31,737 [INFO] No GPS fix yet — waiting...
2026-04-14 12:30:46,742 [INFO] No GPS fix yet — waiting...
2026-04-14 12:30:53,833 [INFO] GPS | lat=22.260969 lon=70.804611 spd=35.0km/h age=361s
2026-04-14 12:31:01,750 [INFO] No GPS fix yet — waiting...
2026-04-14 12:31:16,756 [INFO] No GPS fix yet — waiting...
2026-04-14 12:31:24,004 [INFO] GPS | lat=22.260969 lon=70.804611 spd=35.0km/h age=391s
2026-04-14 12:31:31,764 [INFO] No GPS fix yet — waiting...
2026-04-14 12:31:46,772 [INFO] DEPARTED 'Ahir Chowk' | dist=161m
2026-04-14 12:31:54,189 [INFO] GPS | lat=22.262569 lon=70.806211 spd=35.0km/h age=0s
2026-04-14 12:37:04,945 [INFO] ==============================================================
2026-04-14 12:37:04,945 [INFO]   TransBuddy Laptop Client  v12.0.0 — Marwadi University
2026-04-14 12:37:04,945 [INFO]   Bus ID         : 115
2026-04-14 12:37:04,946 [INFO]   Server         : https://dissuasive-osseous-ethelyn.ngrok-free.dev
2026-04-14 12:37:04,946 [INFO]   GPS Relay      : http://127.0.0.1:6000
2026-04-14 12:37:04,946 [INFO]   Camera index   : 1
2026-04-14 12:37:04,946 [INFO]   Preview window : OFF
2026-04-14 12:37:04,946 [INFO]   Streaming      : ON
2026-04-14 12:37:04,946 [INFO]   Arrive radius  : 80m
2026-04-14 12:37:04,946 [INFO]   Capture delay  : 90s
2026-04-14 12:37:04,946 [INFO]   Offline queue  : offline_queue/
2026-04-14 12:37:04,946 [INFO] ==============================================================
2026-04-14 12:37:04,946 [INFO] Fetching bus stops from server...
2026-04-14 12:37:06,258 [INFO] Loaded 412 stops from server
2026-04-14 12:37:06,260 [INFO] Loaded 412 stops.
2026-04-14 12:37:06,615 [INFO] Bus registered | bus_no=? type=? driver=?
2026-04-14 12:37:06,617 [INFO] Waiting for GPS fix from relay at http://127.0.0.1:6000...
2026-04-14 12:37:06,618 [INFO] Make sure gps_relay_server.py is running and GPS tracking is started in browser.
2026-04-14 12:37:08,668 [WARNING] GPS relay not reachable at http://127.0.0.1:6000. Start gps_relay_server.py first.
2026-04-14 12:37:26,623 [INFO]   Still waiting for GPS... (20s)
2026-04-14 12:37:26,623 [INFO] GPS fix acquired | lat=22.262769 lon=70.806411
2026-04-14 12:37:26,623 [INFO] Opening camera index 1...
2026-04-14 12:37:27,802 [INFO] Camera 1 opened — warming up (5 frames)...
2026-04-14 12:37:28,805 [INFO] Camera ready | 1280x720
2026-04-14 12:37:29,308 [INFO] Stream thread started
2026-04-14 12:37:29,308 [INFO] Offline retry thread started
2026-04-14 12:37:30,696 [INFO] Validated today (morning slot): 0 GRs
2026-04-14 12:37:30,732 [INFO] Tracking started. Waiting for bus to approach a stop...
2026-04-14 12:37:46,981 [INFO] GPS | lat=22.261669 lon=70.805311 spd=35.0km/h age=0s
2026-04-14 12:37:52,182 [INFO] ARRIVED | bus=115 stop='Ahir Chowk' dist=76m | detection in 90s
2026-04-14 12:38:01,191 [INFO]   At 'Ahir Chowk' — detection in 81s
2026-04-14 12:38:11,202 [INFO]   At 'Ahir Chowk' — detection in 71s
2026-04-14 12:38:17,160 [INFO] GPS | lat=22.260969 lon=70.804611 spd=35.0km/h age=8s
2026-04-14 12:38:21,212 [INFO]   At 'Ahir Chowk' — detection in 61s
2026-04-14 12:38:31,221 [INFO]   At 'Ahir Chowk' — detection in 51s
2026-04-14 12:38:41,231 [INFO]   At 'Ahir Chowk' — detection in 41s
2026-04-14 12:38:47,282 [INFO] GPS | lat=22.260969 lon=70.804611 spd=35.0km/h age=38s
2026-04-14 12:38:51,241 [INFO]   At 'Ahir Chowk' — detection in 31s
2026-04-14 12:39:01,250 [INFO]   At 'Ahir Chowk' — detection in 21s
2026-04-14 12:39:11,260 [INFO]   At 'Ahir Chowk' — detection in 10s
2026-04-14 12:39:11,596 [INFO] Ctrl+C — shutting down cleanly...
2026-04-14 12:39:11,596 [INFO] Stream thread stopped
2026-04-14 12:39:11,597 [INFO] Offline retry thread stopped
2026-04-14 12:39:12,152 [INFO] Camera closed
2026-04-14 12:39:12,152 [INFO] TransBuddy Laptop Client stopped.
2026-04-14 12:39:12,152 [INFO] Session summary — Granted:0 Unpaid:0 Invalid:0 Unknown:0
2026-04-14 12:39:14,042 [INFO] ==============================================================
2026-04-14 12:39:14,042 [INFO]   TransBuddy Laptop Client  v12.0.0 — Marwadi University
2026-04-14 12:39:14,043 [INFO]   Bus ID         : 115
2026-04-14 12:39:14,043 [INFO]   Server         : https://dissuasive-osseous-ethelyn.ngrok-free.dev
2026-04-14 12:39:14,043 [INFO]   GPS Relay      : http://127.0.0.1:6000
2026-04-14 12:39:14,043 [INFO]   Camera index   : 1
2026-04-14 12:39:14,043 [INFO]   Preview window : ON (press Q to quit)
2026-04-14 12:39:14,043 [INFO]   Streaming      : ON
2026-04-14 12:39:14,043 [INFO]   Arrive radius  : 80m
2026-04-14 12:39:14,043 [INFO]   Capture delay  : 90s
2026-04-14 12:39:14,044 [INFO]   Offline queue  : offline_queue/
2026-04-14 12:39:14,044 [INFO] ==============================================================
2026-04-14 12:39:14,044 [INFO] Fetching bus stops from server...
2026-04-14 12:39:17,567 [INFO] Loaded 412 stops from server
2026-04-14 12:39:17,568 [INFO] Loaded 412 stops.
2026-04-14 12:39:18,624 [INFO] Bus registered | bus_no=115 type=Large driver=MR. NAVGHNBHAI MAGHABHAI MIR
2026-04-14 12:39:18,628 [INFO] Waiting for GPS fix from relay at http://127.0.0.1:6000...
2026-04-14 12:39:18,628 [INFO] Make sure gps_relay_server.py is running and GPS tracking is started in browser.
2026-04-14 12:39:18,650 [INFO] GPS | lat=22.260969 lon=70.804611 spd=35.0km/h age=69s
2026-04-14 12:39:38,633 [INFO]   Still waiting for GPS... (20s)
2026-04-14 12:39:48,918 [INFO] GPS | lat=22.260969 lon=70.804611 spd=35.0km/h age=100s
2026-04-14 12:39:58,637 [INFO]   Still waiting for GPS... (40s)
2026-04-14 12:40:58,166 [INFO] ==============================================================
2026-04-14 12:40:58,166 [INFO]   TransBuddy Laptop Client  v12.0.0 — Marwadi University
2026-04-14 12:40:58,166 [INFO]   Bus ID         : 115
2026-04-14 12:40:58,166 [INFO]   Server         : https://dissuasive-osseous-ethelyn.ngrok-free.dev
2026-04-14 12:40:58,166 [INFO]   GPS Relay      : http://127.0.0.1:6000
2026-04-14 12:40:58,166 [INFO]   Camera index   : 1
2026-04-14 12:40:58,167 [INFO]   Preview window : ON (press Q to quit)
2026-04-14 12:40:58,167 [INFO]   Streaming      : ON
2026-04-14 12:40:58,167 [INFO]   Arrive radius  : 80m
2026-04-14 12:40:58,167 [INFO]   Capture delay  : 90s
2026-04-14 12:40:58,167 [INFO]   Offline queue  : offline_queue/
2026-04-14 12:40:58,167 [INFO] ==============================================================
2026-04-14 12:40:58,167 [INFO] Fetching bus stops from server...
2026-04-14 12:40:59,225 [INFO] Loaded 412 stops from server
2026-04-14 12:40:59,226 [INFO] Loaded 412 stops.
2026-04-14 12:40:59,671 [INFO] Bus registered | bus_no=? type=? driver=?
2026-04-14 12:40:59,674 [INFO] Waiting for GPS fix from relay at http://127.0.0.1:6000...
2026-04-14 12:40:59,675 [INFO] Make sure gps_relay_server.py is running and GPS tracking is started in browser.
2026-04-14 12:40:59,692 [INFO] GPS | lat=22.260969 lon=70.804611 spd=35.0km/h age=170s
2026-04-14 12:41:19,679 [INFO]   Still waiting for GPS... (20s)
2026-04-14 12:41:30,006 [INFO] GPS | lat=22.262969 lon=70.806611 spd=35.0km/h age=0s
2026-04-14 12:41:31,681 [INFO] GPS fix acquired | lat=22.262969 lon=70.806611
2026-04-14 12:41:31,681 [INFO] Opening camera index 1...
2026-04-14 12:41:32,782 [INFO] Camera 1 opened — warming up (5 frames)...
2026-04-14 12:41:33,785 [INFO] Camera ready | 1280x720
2026-04-14 12:41:34,286 [INFO] Stream thread started
2026-04-14 12:41:34,286 [INFO] Offline retry thread started
2026-04-14 12:41:34,727 [INFO] Validated today (morning slot): 0 GRs
2026-04-14 12:41:34,755 [INFO] Tracking started. Waiting for bus to approach a stop...
2026-04-14 12:41:34,755 [INFO] Camera preview window open. Press Q in the window to quit.
2026-04-14 12:42:00,174 [INFO] GPS | lat=22.261469 lon=70.805111 spd=35.0km/h age=0s
2026-04-14 12:42:01,022 [INFO] ARRIVED | bus=115 stop='Ahir Chowk' dist=76m | detection in 90s
2026-04-14 12:42:05,025 [INFO]   At 'Ahir Chowk' — detection in 86s
2026-04-14 12:42:15,042 [INFO]   At 'Ahir Chowk' — detection in 76s
2026-04-14 12:42:25,052 [INFO]   At 'Ahir Chowk' — detection in 66s
2026-04-14 12:42:30,401 [INFO] GPS | lat=22.260969 lon=70.804611 spd=35.0km/h age=12s
2026-04-14 12:42:35,064 [INFO]   At 'Ahir Chowk' — detection in 56s
2026-04-14 12:42:45,074 [INFO]   At 'Ahir Chowk' — detection in 46s
2026-04-14 12:42:55,084 [INFO]   At 'Ahir Chowk' — detection in 36s
2026-04-14 12:43:00,663 [INFO] GPS | lat=22.260969 lon=70.804611 spd=35.0km/h age=43s
2026-04-14 12:43:05,094 [INFO]   At 'Ahir Chowk' — detection in 26s
2026-04-14 12:43:15,105 [INFO]   At 'Ahir Chowk' — detection in 16s
2026-04-14 12:43:25,145 [INFO]   At 'Ahir Chowk' — detection in 6s
2026-04-14 12:43:30,904 [INFO] GPS | lat=22.260969 lon=70.804611 spd=35.0km/h age=73s
2026-04-14 12:43:31,151 [INFO] CAPTURING 4 samples at 'Ahir Chowk'
2026-04-14 12:43:31,847 [INFO] Best: index=2 score=0.1187 | 1280x720
2026-04-14 12:43:34,696 [INFO] Server OK | bus=115 faces=1 granted=0 unpaid=1 invalid=0 not_uni=0
2026-04-14 12:43:34,699 [INFO] DONE | bus=115 stop='Ahir Chowk' faces=1 granted=0 unpaid=1 invalid=0 not_uni=0
2026-04-14 12:43:34,700 [INFO] Validated this shift: 1 students
2026-04-14 12:44:01,072 [INFO] GPS | lat=22.260969 lon=70.804611 spd=35.0km/h age=103s
2026-04-14 12:44:31,331 [INFO] GPS | lat=22.260969 lon=70.804611 spd=35.0km/h age=133s
2026-04-14 12:44:38,136 [INFO] NEW FACE EVENT | stop='Ahir Chowk' — running extra detection
2026-04-14 12:44:38,136 [INFO] CAPTURING 4 samples at 'Ahir Chowk'
2026-04-14 12:44:38,810 [INFO] Best: index=3 score=0.1104 | 1280x720
2026-04-14 12:44:40,171 [INFO] Server OK | bus=115 faces=0 granted=0 unpaid=0 invalid=0 not_uni=0
2026-04-14 12:44:40,177 [INFO] DONE | bus=115 stop='Ahir Chowk' faces=0 granted=0 unpaid=0 invalid=0 not_uni=0
2026-04-14 12:44:40,178 [INFO] Validated this shift: 1 students
2026-04-14 12:44:55,539 [INFO] NEW FACE EVENT | stop='Ahir Chowk' — running extra detection
2026-04-14 12:44:55,540 [INFO] CAPTURING 4 samples at 'Ahir Chowk'
2026-04-14 12:44:56,204 [INFO] Best: index=3 score=0.0688 | 1280x720
2026-04-14 12:44:57,953 [INFO] Server OK | bus=115 faces=1 granted=0 unpaid=0 invalid=0 not_uni=1
2026-04-14 12:44:57,957 [INFO] DONE | bus=115 stop='Ahir Chowk' faces=1 granted=0 unpaid=0 invalid=0 not_uni=1
2026-04-14 12:44:57,959 [INFO] Validated this shift: 1 students
2026-04-14 12:45:01,595 [INFO] GPS | lat=22.260969 lon=70.804611 spd=35.0km/h age=164s
2026-04-14 12:45:17,464 [INFO] NEW FACE EVENT | stop='Ahir Chowk' — running extra detection
2026-04-14 12:45:17,464 [INFO] CAPTURING 4 samples at 'Ahir Chowk'
2026-04-14 12:45:18,146 [INFO] Best: index=3 score=0.0798 | 1280x720
2026-04-14 12:45:22,668 [INFO] Server OK | bus=115 faces=0 granted=0 unpaid=0 invalid=0 not_uni=0
2026-04-14 12:45:22,670 [INFO] DONE | bus=115 stop='Ahir Chowk' faces=0 granted=0 unpaid=0 invalid=0 not_uni=0
2026-04-14 12:45:22,670 [INFO] Validated this shift: 1 students
2026-04-14 12:45:31,784 [INFO] GPS | lat=22.260969 lon=70.804611 spd=35.0km/h age=194s
2026-04-14 12:45:31,908 [INFO] NEW FACE EVENT | stop='Ahir Chowk' — running extra detection
2026-04-14 12:45:31,908 [INFO] CAPTURING 4 samples at 'Ahir Chowk'
2026-04-14 12:45:32,595 [INFO] Best: index=3 score=0.0771 | 1280x720
2026-04-14 12:45:37,215 [INFO] Server OK | bus=115 faces=1 granted=0 unpaid=0 invalid=0 not_uni=0
2026-04-14 12:45:37,218 [INFO] DONE | bus=115 stop='Ahir Chowk' faces=1 granted=0 unpaid=0 invalid=0 not_uni=0
2026-04-14 12:45:37,219 [INFO] Validated this shift: 1 students
2026-04-14 12:45:40,306 [INFO] NEW FACE EVENT | stop='Ahir Chowk' — running extra detection
2026-04-14 12:45:40,306 [INFO] CAPTURING 4 samples at 'Ahir Chowk'
2026-04-14 12:45:40,981 [INFO] Best: index=3 score=0.0694 | 1280x720
2026-04-14 12:45:43,236 [INFO] Server OK | bus=115 faces=1 granted=0 unpaid=0 invalid=1 not_uni=0
2026-04-14 12:45:43,239 [INFO] DONE | bus=115 stop='Ahir Chowk' faces=1 granted=0 unpaid=0 invalid=1 not_uni=0
2026-04-14 12:45:43,239 [INFO] Validated this shift: 2 students
2026-04-14 12:45:59,339 [INFO] No GPS fix yet — waiting...
2026-04-14 12:46:01,985 [INFO] GPS | lat=22.260969 lon=70.804611 spd=35.0km/h age=224s
2026-04-14 12:46:14,345 [INFO] No GPS fix yet — waiting...
2026-04-14 12:46:29,351 [INFO] No GPS fix yet — waiting...
2026-04-14 12:46:32,161 [INFO] GPS | lat=22.260969 lon=70.804611 spd=35.0km/h age=254s
2026-04-14 12:46:44,358 [INFO] No GPS fix yet — waiting...
2026-04-14 12:46:59,365 [INFO] No GPS fix yet — waiting...
2026-04-14 12:47:02,315 [INFO] GPS | lat=22.260969 lon=70.804611 spd=35.0km/h age=284s
2026-04-14 12:47:14,372 [INFO] No GPS fix yet — waiting...
2026-04-14 12:47:29,379 [INFO] No GPS fix yet — waiting...
2026-04-14 12:47:32,502 [INFO] GPS | lat=22.260969 lon=70.804611 spd=35.0km/h age=315s
2026-04-14 12:47:44,385 [INFO] No GPS fix yet — waiting...
2026-04-14 12:47:55,412 [INFO] DEPARTED 'Ahir Chowk' | dist=161m
2026-04-14 12:48:02,748 [INFO] GPS | lat=22.262569 lon=70.806211 spd=35.0km/h age=1s
2026-04-14 12:48:32,989 [INFO] GPS | lat=22.261069 lon=70.804711 spd=35.0km/h age=1s
2026-04-14 12:49:03,197 [INFO] GPS | lat=22.260969 lon=70.804611 spd=35.0km/h age=21s
2026-04-14 12:49:33,429 [INFO] GPS | lat=22.260969 lon=70.804611 spd=35.0km/h age=51s
2026-04-14 12:50:03,589 [INFO] GPS | lat=22.260969 lon=70.804611 spd=35.0km/h age=81s
2026-04-14 12:50:33,879 [INFO] GPS | lat=22.260969 lon=70.804611 spd=35.0km/h age=112s
2026-04-14 12:50:57,247 [INFO] Ctrl+C — shutting down cleanly...
2026-04-14 12:50:57,247 [INFO] Offline retry thread stopped
2026-04-14 12:50:57,441 [INFO] Stream thread stopped
2026-04-14 12:50:57,808 [INFO] Camera closed
2026-04-14 12:50:57,808 [INFO] TransBuddy Laptop Client stopped.
2026-04-14 12:50:57,808 [INFO] Session summary — Granted:0 Unpaid:1 Invalid:1 Unknown:1
2026-04-14 12:50:59,194 [INFO] ==============================================================
2026-04-14 12:50:59,194 [INFO]   TransBuddy Laptop Client  v12.0.0 — Marwadi University
2026-04-14 12:50:59,194 [INFO]   Bus ID         : 115
2026-04-14 12:50:59,194 [INFO]   Server         : https://dissuasive-osseous-ethelyn.ngrok-free.dev
2026-04-14 12:50:59,194 [INFO]   GPS Relay      : http://127.0.0.1:6000
2026-04-14 12:50:59,194 [INFO]   Camera index   : 1
2026-04-14 12:50:59,195 [INFO]   Preview window : OFF
2026-04-14 12:50:59,195 [INFO]   Streaming      : ON
2026-04-14 12:50:59,195 [INFO]   Arrive radius  : 80m
2026-04-14 12:50:59,195 [INFO]   Capture delay  : 90s
2026-04-14 12:50:59,195 [INFO]   Offline queue  : offline_queue/
2026-04-14 12:50:59,195 [INFO] ==============================================================
2026-04-14 12:50:59,196 [INFO] Fetching bus stops from server...
2026-04-14 12:51:00,445 [INFO] Loaded 412 stops from server
2026-04-14 12:51:00,446 [INFO] Loaded 412 stops.
2026-04-14 12:51:01,286 [INFO] Bus registered | bus_no=115 type=Large driver=MR. NAVGHNBHAI MAGHABHAI MIR
2026-04-14 12:51:01,287 [INFO] Waiting for GPS fix from relay at http://127.0.0.1:6000...
2026-04-14 12:51:01,288 [INFO] Make sure gps_relay_server.py is running and GPS tracking is started in browser.
2026-04-14 12:51:01,307 [INFO] GPS | lat=22.261969 lon=70.805611 spd=35.0km/h age=0s
2026-04-14 12:51:03,289 [INFO] GPS fix acquired | lat=22.261969 lon=70.805611
2026-04-14 12:51:03,289 [INFO] Opening camera index 1...
2026-04-14 12:51:04,441 [INFO] Camera 1 opened — warming up (5 frames)...
2026-04-14 12:51:05,444 [INFO] Camera ready | 1280x720
2026-04-14 12:51:05,947 [INFO] Stream thread started
2026-04-14 12:51:05,948 [INFO] Offline retry thread started
2026-04-14 12:51:07,371 [INFO] Validated today (morning slot): 2 GRs
2026-04-14 12:51:07,402 [INFO] Tracking started. Waiting for bus to approach a stop...
2026-04-14 12:51:11,682 [INFO] ARRIVED | bus=115 stop='Ahir Chowk' dist=76m | detection in 90s
2026-04-14 12:51:17,687 [INFO]   At 'Ahir Chowk' — detection in 84s
2026-04-14 12:51:27,696 [INFO]   At 'Ahir Chowk' — detection in 74s
2026-04-14 12:51:31,453 [INFO] GPS | lat=22.260969 lon=70.804611 spd=35.0km/h age=2s
2026-04-14 12:51:37,705 [INFO]   At 'Ahir Chowk' — detection in 64s
2026-04-14 12:51:47,715 [INFO]   At 'Ahir Chowk' — detection in 54s
2026-04-14 12:51:57,726 [INFO]   At 'Ahir Chowk' — detection in 44s
2026-04-14 12:52:01,616 [INFO] GPS | lat=22.260969 lon=70.804611 spd=35.0km/h age=32s
2026-04-14 12:52:07,736 [INFO]   At 'Ahir Chowk' — detection in 34s
2026-04-14 12:52:17,747 [INFO]   At 'Ahir Chowk' — detection in 24s
2026-04-14 12:52:27,756 [INFO]   At 'Ahir Chowk' — detection in 14s
2026-04-14 12:52:31,793 [INFO] GPS | lat=22.260969 lon=70.804611 spd=35.0km/h age=62s
2026-04-14 12:52:37,766 [INFO]   At 'Ahir Chowk' — detection in 4s
2026-04-14 12:52:41,773 [INFO] CAPTURING 4 samples at 'Ahir Chowk'
2026-04-14 12:52:42,425 [INFO] Best: index=2 score=0.1316 | 1280x720
2026-04-14 12:52:43,648 [INFO] Server OK | bus=115 faces=1 granted=0 unpaid=0 invalid=0 not_uni=0
2026-04-14 12:52:43,651 [INFO] DONE | bus=115 stop='Ahir Chowk' faces=1 granted=0 unpaid=0 invalid=0 not_uni=0
2026-04-14 12:52:43,652 [INFO] Validated this shift: 2 students
2026-04-14 12:53:01,940 [INFO] GPS | lat=22.260969 lon=70.804611 spd=35.0km/h age=92s
2026-04-14 12:53:02,080 [INFO] NEW FACE EVENT | stop='Ahir Chowk' — running extra detection
2026-04-14 12:53:02,081 [INFO] CAPTURING 4 samples at 'Ahir Chowk'
2026-04-14 12:53:02,740 [INFO] Best: index=1 score=0.0845 | 1280x720
2026-04-14 12:53:04,040 [INFO] Server OK | bus=115 faces=1 granted=0 unpaid=0 invalid=0 not_uni=0
2026-04-14 12:53:04,042 [INFO] DONE | bus=115 stop='Ahir Chowk' faces=1 granted=0 unpaid=0 invalid=0 not_uni=0
2026-04-14 12:53:04,043 [INFO] Validated this shift: 2 students
2026-04-14 12:53:13,245 [INFO] NEW FACE EVENT | stop='Ahir Chowk' — running extra detection
2026-04-14 12:53:13,246 [INFO] CAPTURING 4 samples at 'Ahir Chowk'
2026-04-14 12:53:13,906 [INFO] Best: index=2 score=0.1293 | 1280x720
2026-04-14 12:53:15,497 [INFO] Server OK | bus=115 faces=1 granted=0 unpaid=0 invalid=0 not_uni=0
2026-04-14 12:53:15,499 [INFO] DONE | bus=115 stop='Ahir Chowk' faces=1 granted=0 unpaid=0 invalid=0 not_uni=0
2026-04-14 12:53:15,500 [INFO] Validated this shift: 2 students
2026-04-14 12:53:26,786 [INFO] NEW FACE EVENT | stop='Ahir Chowk' — running extra detection
2026-04-14 12:53:26,787 [INFO] CAPTURING 4 samples at 'Ahir Chowk'
2026-04-14 12:53:27,506 [INFO] Best: index=2 score=0.1226 | 1280x720
2026-04-14 12:53:29,849 [INFO] Server OK | bus=115 faces=1 granted=0 unpaid=0 invalid=0 not_uni=0
2026-04-14 12:53:29,853 [INFO] DONE | bus=115 stop='Ahir Chowk' faces=1 granted=0 unpaid=0 invalid=0 not_uni=0
2026-04-14 12:53:29,854 [INFO] Validated this shift: 2 students
2026-04-14 12:53:32,088 [INFO] GPS | lat=22.260969 lon=70.804611 spd=35.0km/h age=122s
2026-04-14 12:53:45,193 [INFO] NEW FACE EVENT | stop='Ahir Chowk' — running extra detection
2026-04-14 12:53:45,193 [INFO] CAPTURING 4 samples at 'Ahir Chowk'
2026-04-14 12:53:45,847 [INFO] Best: index=0 score=0.1070 | 1280x720
2026-04-14 12:53:47,152 [INFO] Server OK | bus=115 faces=1 granted=0 unpaid=0 invalid=0 not_uni=0
2026-04-14 12:53:47,156 [INFO] DONE | bus=115 stop='Ahir Chowk' faces=1 granted=0 unpaid=0 invalid=0 not_uni=0
2026-04-14 12:53:47,157 [INFO] Validated this shift: 2 students
2026-04-14 12:54:02,249 [INFO] GPS | lat=22.260969 lon=70.804611 spd=35.0km/h age=153s
2026-04-14 12:54:06,612 [INFO] NEW FACE EVENT | stop='Ahir Chowk' — running extra detection
2026-04-14 12:54:06,613 [INFO] CAPTURING 4 samples at 'Ahir Chowk'
2026-04-14 12:54:07,271 [INFO] Best: index=3 score=0.1059 | 1280x720
2026-04-14 12:54:08,279 [INFO] Server OK | bus=115 faces=1 granted=0 unpaid=0 invalid=0 not_uni=0
2026-04-14 12:54:08,282 [INFO] DONE | bus=115 stop='Ahir Chowk' faces=1 granted=0 unpaid=0 invalid=0 not_uni=0
2026-04-14 12:54:08,283 [INFO] Validated this shift: 2 students
2026-04-14 12:54:13,456 [INFO] NEW FACE EVENT | stop='Ahir Chowk' — running extra detection
2026-04-14 12:54:13,459 [INFO] CAPTURING 4 samples at 'Ahir Chowk'
2026-04-14 12:54:14,127 [INFO] Best: index=0 score=0.1326 | 1280x720
2026-04-14 12:54:15,180 [INFO] Server OK | bus=115 faces=1 granted=0 unpaid=0 invalid=0 not_uni=1
2026-04-14 12:54:15,184 [INFO] DONE | bus=115 stop='Ahir Chowk' faces=1 granted=0 unpaid=0 invalid=0 not_uni=1
2026-04-14 12:54:15,185 [INFO] Validated this shift: 2 students
2026-04-14 12:54:32,487 [INFO] GPS | lat=22.260969 lon=70.804611 spd=35.0km/h age=183s
2026-04-14 12:54:36,642 [INFO] NEW FACE EVENT | stop='Ahir Chowk' — running extra detection
2026-04-14 12:54:36,642 [INFO] CAPTURING 4 samples at 'Ahir Chowk'
2026-04-14 12:54:37,301 [INFO] Best: index=0 score=0.1072 | 1280x720
2026-04-14 12:54:38,906 [INFO] Server OK | bus=115 faces=1 granted=0 unpaid=0 invalid=0 not_uni=0
2026-04-14 12:54:38,909 [INFO] DONE | bus=115 stop='Ahir Chowk' faces=1 granted=0 unpaid=0 invalid=0 not_uni=0
2026-04-14 12:54:38,909 [INFO] Validated this shift: 2 students
2026-04-14 12:54:44,022 [INFO] NEW FACE EVENT | stop='Ahir Chowk' — running extra detection
2026-04-14 12:54:44,022 [INFO] CAPTURING 4 samples at 'Ahir Chowk'
2026-04-14 12:54:44,680 [INFO] Best: index=1 score=0.1001 | 1280x720
2026-04-14 12:54:45,889 [INFO] Server OK | bus=115 faces=1 granted=0 unpaid=0 invalid=0 not_uni=0
2026-04-14 12:54:45,892 [INFO] DONE | bus=115 stop='Ahir Chowk' faces=1 granted=0 unpaid=0 invalid=0 not_uni=0
2026-04-14 12:54:45,894 [INFO] Validated this shift: 2 students
2026-04-14 12:55:02,668 [INFO] GPS | lat=22.260969 lon=70.804611 spd=35.0km/h age=213s
2026-04-14 12:55:14,173 [INFO] No GPS fix yet — waiting...
2026-04-14 12:55:29,181 [INFO] No GPS fix yet — waiting...
2026-04-14 12:55:32,846 [INFO] GPS | lat=22.260969 lon=70.804611 spd=35.0km/h age=243s
2026-04-14 12:55:44,187 [INFO] No GPS fix yet — waiting...
2026-04-14 12:55:59,193 [INFO] No GPS fix yet — waiting...
2026-04-14 12:56:03,057 [INFO] GPS | lat=22.260969 lon=70.804611 spd=35.0km/h age=273s
2026-04-14 12:56:14,198 [INFO] No GPS fix yet — waiting...
2026-04-14 12:56:29,210 [INFO] No GPS fix yet — waiting...
2026-04-14 12:56:33,293 [INFO] GPS | lat=22.260969 lon=70.804611 spd=35.0km/h age=304s
2026-04-14 12:56:44,218 [INFO] No GPS fix yet — waiting...
2026-04-14 12:56:59,227 [INFO] No GPS fix yet — waiting...
2026-04-14 12:57:03,583 [INFO] GPS | lat=22.260969 lon=70.804611 spd=35.0km/h age=334s
2026-04-14 12:57:14,235 [INFO] No GPS fix yet — waiting...
2026-04-14 12:57:29,244 [INFO] No GPS fix yet — waiting...
2026-04-14 12:57:33,800 [INFO] GPS | lat=22.260969 lon=70.804611 spd=35.0km/h age=364s
2026-04-14 12:57:44,251 [INFO] No GPS fix yet — waiting...
2026-04-14 12:57:59,259 [INFO] No GPS fix yet — waiting...
2026-04-14 12:58:04,049 [INFO] GPS | lat=22.260969 lon=70.804611 spd=35.0km/h age=394s
2026-04-14 12:58:14,266 [INFO] No GPS fix yet — waiting...
2026-04-14 12:58:29,273 [INFO] No GPS fix yet — waiting...
2026-04-14 12:58:34,309 [INFO] GPS | lat=22.260969 lon=70.804611 spd=35.0km/h age=425s
2026-04-14 12:58:44,282 [INFO] No GPS fix yet — waiting...
2026-04-14 12:58:59,290 [INFO] No GPS fix yet — waiting...
2026-04-14 12:59:04,552 [INFO] GPS | lat=22.260969 lon=70.804611 spd=35.0km/h age=455s
2026-04-14 12:59:14,296 [INFO] No GPS fix yet — waiting...
2026-04-14 12:59:29,303 [INFO] No GPS fix yet — waiting...
2026-04-14 12:59:34,801 [INFO] GPS | lat=22.260969 lon=70.804611 spd=35.0km/h age=485s
2026-04-14 12:59:44,312 [INFO] No GPS fix yet — waiting...
2026-04-14 12:59:59,318 [INFO] No GPS fix yet — waiting...
2026-04-14 13:00:05,015 [INFO] GPS | lat=22.260969 lon=70.804611 spd=35.0km/h age=515s
2026-04-14 13:00:14,325 [INFO] No GPS fix yet — waiting...
2026-04-14 13:00:29,331 [INFO] No GPS fix yet — waiting...
2026-04-14 13:00:35,231 [INFO] GPS | lat=22.260969 lon=70.804611 spd=35.0km/h age=545s
2026-04-14 13:00:44,338 [INFO] No GPS fix yet — waiting...
2026-04-14 13:00:59,353 [INFO] No GPS fix yet — waiting...
2026-04-14 13:01:05,366 [INFO] GPS | lat=22.260969 lon=70.804611 spd=35.0km/h age=576s
2026-04-14 13:01:14,361 [INFO] No GPS fix yet — waiting...
2026-04-14 13:01:29,368 [INFO] No GPS fix yet — waiting...
2026-04-14 13:01:35,512 [INFO] GPS | lat=22.260969 lon=70.804611 spd=35.0km/h age=606s
2026-04-14 13:01:44,373 [INFO] No GPS fix yet — waiting...
2026-04-14 13:01:59,380 [INFO] No GPS fix yet — waiting...
2026-04-14 13:02:05,635 [INFO] GPS | lat=22.260969 lon=70.804611 spd=35.0km/h age=636s
2026-04-14 13:02:14,386 [INFO] No GPS fix yet — waiting...
2026-04-14 13:02:29,394 [INFO] No GPS fix yet — waiting...
2026-04-14 13:02:35,787 [INFO] GPS | lat=22.260969 lon=70.804611 spd=35.0km/h age=666s
2026-04-14 13:02:44,400 [INFO] No GPS fix yet — waiting...
2026-04-14 13:02:59,405 [INFO] No GPS fix yet — waiting...
2026-04-14 13:03:05,943 [INFO] GPS | lat=22.260969 lon=70.804611 spd=35.0km/h age=696s
2026-04-14 13:03:14,412 [INFO] No GPS fix yet — waiting...
2026-04-14 13:03:29,420 [INFO] No GPS fix yet — waiting...
2026-04-14 13:03:36,133 [INFO] GPS | lat=22.260969 lon=70.804611 spd=35.0km/h age=726s
2026-04-14 13:03:44,427 [INFO] No GPS fix yet — waiting...
2026-04-14 13:03:59,433 [INFO] No GPS fix yet — waiting...
2026-04-14 13:04:06,324 [INFO] GPS | lat=22.260969 lon=70.804611 spd=35.0km/h age=757s
2026-04-14 13:04:14,440 [INFO] No GPS fix yet — waiting...
2026-04-14 13:04:29,447 [INFO] No GPS fix yet — waiting...
2026-04-14 13:04:36,524 [INFO] GPS | lat=22.260969 lon=70.804611 spd=35.0km/h age=787s
2026-04-14 13:04:44,456 [INFO] No GPS fix yet — waiting...
2026-04-14 13:04:59,462 [INFO] No GPS fix yet — waiting...
2026-04-14 13:05:06,664 [INFO] GPS | lat=22.260969 lon=70.804611 spd=35.0km/h age=817s
2026-04-14 13:05:14,468 [INFO] No GPS fix yet — waiting...
2026-04-14 13:05:29,478 [INFO] No GPS fix yet — waiting...
2026-04-14 13:05:36,844 [INFO] GPS | lat=22.260969 lon=70.804611 spd=35.0km/h age=847s
2026-04-14 13:05:44,485 [INFO] No GPS fix yet — waiting...
2026-04-14 13:05:59,492 [INFO] No GPS fix yet — waiting...
2026-04-14 13:06:07,027 [INFO] GPS | lat=22.260969 lon=70.804611 spd=35.0km/h age=877s
2026-04-14 14:25:29,681 [INFO] ==============================================================
2026-04-14 14:25:29,682 [INFO]   TransBuddy Laptop Client  v12.0.0 — Marwadi University
2026-04-14 14:25:29,682 [INFO]   Bus ID         : 115
2026-04-14 14:25:29,682 [INFO]   Server         : https://dissuasive-osseous-ethelyn.ngrok-free.dev
2026-04-14 14:25:29,682 [INFO]   GPS Relay      : http://127.0.0.1:6000
2026-04-14 14:25:29,683 [INFO]   Camera index   : 1
2026-04-14 14:25:29,683 [INFO]   Preview window : OFF
2026-04-14 14:25:29,683 [INFO]   Streaming      : ON
2026-04-14 14:25:29,683 [INFO]   Arrive radius  : 80m
2026-04-14 14:25:29,683 [INFO]   Capture delay  : 90s
2026-04-14 14:25:29,683 [INFO]   Offline queue  : offline_queue/
2026-04-14 14:25:29,683 [INFO] ==============================================================
2026-04-14 14:25:29,683 [INFO] Fetching bus stops from server...
2026-04-14 14:25:30,765 [INFO] Loaded 412 stops from server
2026-04-14 14:25:30,768 [INFO] Loaded 412 stops.
2026-04-14 14:25:31,073 [INFO] Bus registered | bus_no=? type=? driver=?
2026-04-14 14:25:31,077 [INFO] Waiting for GPS fix from relay at http://127.0.0.1:6000...
2026-04-14 14:25:31,078 [INFO] Make sure gps_relay_server.py is running and GPS tracking is started in browser.
2026-04-14 14:25:33,133 [WARNING] GPS relay not reachable at http://127.0.0.1:6000. Start gps_relay_server.py first.
2026-04-14 14:25:51,083 [INFO]   Still waiting for GPS... (20s)
2026-04-14 14:25:55,084 [INFO] GPS fix acquired | lat=22.262969 lon=70.806611
2026-04-14 14:25:55,084 [INFO] Opening camera index 1...
2026-04-14 14:25:56,270 [INFO] Camera 1 opened — warming up (5 frames)...
2026-04-14 14:25:57,273 [INFO] Camera ready | 1280x720
2026-04-14 14:25:57,775 [INFO] Stream thread started
2026-04-14 14:25:57,776 [INFO] Offline retry thread started
2026-04-14 14:25:58,053 [INFO] Validated today (evening slot): 0 GRs
2026-04-14 14:25:58,086 [INFO] Tracking started. Waiting for bus to approach a stop...
2026-04-14 14:26:07,393 [INFO] GPS | lat=22.262269 lon=70.805911 spd=35.0km/h age=0s
2026-04-14 14:26:24,612 [INFO] ARRIVED | bus=115 stop='Ahir Chowk' dist=76m | detection in 90s
2026-04-14 14:26:28,617 [INFO]   At 'Ahir Chowk' — detection in 86s
2026-04-14 14:26:37,698 [INFO] GPS | lat=22.260969 lon=70.804611 spd=35.0km/h age=0s
2026-04-14 14:26:38,627 [INFO]   At 'Ahir Chowk' — detection in 76s
2026-04-14 14:26:48,639 [INFO]   At 'Ahir Chowk' — detection in 65s
2026-04-14 14:26:58,650 [INFO]   At 'Ahir Chowk' — detection in 55s
2026-04-14 14:27:07,917 [INFO] GPS | lat=22.260969 lon=70.804611 spd=35.0km/h age=26s
2026-04-14 14:27:08,689 [INFO]   At 'Ahir Chowk' — detection in 45s
2026-04-14 14:27:18,698 [INFO]   At 'Ahir Chowk' — detection in 35s
2026-04-14 14:27:28,707 [INFO]   At 'Ahir Chowk' — detection in 25s
2026-04-14 14:27:38,105 [INFO] GPS | lat=22.260969 lon=70.804611 spd=35.0km/h age=56s
2026-04-14 14:27:38,721 [INFO]   At 'Ahir Chowk' — detection in 15s
2026-04-14 14:27:48,734 [INFO]   At 'Ahir Chowk' — detection in 5s
2026-04-14 14:27:54,740 [INFO] CAPTURING 4 samples at 'Ahir Chowk'
2026-04-14 14:27:55,397 [INFO] Best: index=3 score=0.1739 | 1280x720
2026-04-14 14:27:59,275 [INFO] Server OK | bus=115 faces=1 granted=0 unpaid=1 invalid=0 not_uni=0
2026-04-14 14:27:59,278 [INFO] DONE | bus=115 stop='Ahir Chowk' faces=1 granted=0 unpaid=1 invalid=0 not_uni=0
2026-04-14 14:27:59,278 [INFO] Validated this shift: 1 students
2026-04-14 14:28:08,330 [INFO] GPS | lat=22.260969 lon=70.804611 spd=35.0km/h age=87s
2026-04-14 14:28:09,651 [INFO] NEW FACE EVENT | stop='Ahir Chowk' — running extra detection
2026-04-14 14:28:09,652 [INFO] CAPTURING 4 samples at 'Ahir Chowk'
2026-04-14 14:28:10,305 [INFO] Best: index=2 score=0.1714 | 1280x720
2026-04-14 14:28:16,178 [INFO] Server OK | bus=115 faces=1 granted=0 unpaid=0 invalid=0 not_uni=0
2026-04-14 14:28:16,181 [INFO] DONE | bus=115 stop='Ahir Chowk' faces=1 granted=0 unpaid=0 invalid=0 not_uni=0
2026-04-14 14:28:16,182 [INFO] Validated this shift: 1 students
2026-04-14 14:28:19,282 [INFO] NEW FACE EVENT | stop='Ahir Chowk' — running extra detection
2026-04-14 14:28:19,283 [INFO] CAPTURING 4 samples at 'Ahir Chowk'
2026-04-14 14:28:19,942 [INFO] Best: index=3 score=0.1751 | 1280x720
2026-04-14 14:28:23,235 [INFO] Server OK | bus=115 faces=1 granted=0 unpaid=0 invalid=0 not_uni=0
2026-04-14 14:28:23,239 [INFO] DONE | bus=115 stop='Ahir Chowk' faces=1 granted=0 unpaid=0 invalid=0 not_uni=0
2026-04-14 14:28:23,239 [INFO] Validated this shift: 1 students
2026-04-14 14:28:26,321 [INFO] NEW FACE EVENT | stop='Ahir Chowk' — running extra detection
2026-04-14 14:28:26,321 [INFO] CAPTURING 4 samples at 'Ahir Chowk'
2026-04-14 14:28:26,967 [INFO] Best: index=0 score=0.1762 | 1280x720
2026-04-14 14:28:29,021 [INFO] Server OK | bus=115 faces=1 granted=0 unpaid=0 invalid=0 not_uni=0
2026-04-14 14:28:29,026 [INFO] DONE | bus=115 stop='Ahir Chowk' faces=1 granted=0 unpaid=0 invalid=0 not_uni=0
2026-04-14 14:28:29,027 [INFO] Validated this shift: 1 students
2026-04-14 14:28:38,516 [INFO] GPS | lat=22.260969 lon=70.804611 spd=35.0km/h age=117s
2026-04-14 14:29:08,713 [INFO] GPS | lat=22.260969 lon=70.804611 spd=35.0km/h age=147s
2026-04-14 14:29:08,891 [INFO] NEW FACE EVENT | stop='Ahir Chowk' — running extra detection
2026-04-14 14:29:08,892 [INFO] CAPTURING 4 samples at 'Ahir Chowk'
2026-04-14 14:29:09,580 [INFO] Best: index=0 score=0.1833 | 1280x720
2026-04-14 14:29:13,786 [INFO] Server OK | bus=115 faces=1 granted=0 unpaid=0 invalid=0 not_uni=0
2026-04-14 14:29:13,790 [INFO] DONE | bus=115 stop='Ahir Chowk' faces=1 granted=0 unpaid=0 invalid=0 not_uni=0
2026-04-14 14:29:13,790 [INFO] Validated this shift: 1 students
2026-04-14 14:29:16,899 [INFO] NEW FACE EVENT | stop='Ahir Chowk' — running extra detection
2026-04-14 14:29:16,899 [INFO] CAPTURING 4 samples at 'Ahir Chowk'
2026-04-14 14:29:17,666 [INFO] Best: index=3 score=0.1394 | 1280x720
2026-04-14 14:29:23,677 [INFO] Server OK | bus=115 faces=1 granted=0 unpaid=0 invalid=0 not_uni=0
2026-04-14 14:29:23,679 [INFO] DONE | bus=115 stop='Ahir Chowk' faces=1 granted=0 unpaid=0 invalid=0 not_uni=0
2026-04-14 14:29:23,680 [INFO] Validated this shift: 1 students
2026-04-14 14:29:28,829 [INFO] NEW FACE EVENT | stop='Ahir Chowk' — running extra detection
2026-04-14 14:29:28,830 [INFO] CAPTURING 4 samples at 'Ahir Chowk'
2026-04-14 14:29:29,501 [INFO] Best: index=0 score=0.1761 | 1280x720
2026-04-14 14:29:32,826 [INFO] Server OK | bus=115 faces=1 granted=0 unpaid=0 invalid=0 not_uni=0
2026-04-14 14:29:32,831 [INFO] DONE | bus=115 stop='Ahir Chowk' faces=1 granted=0 unpaid=0 invalid=0 not_uni=0
2026-04-14 14:29:32,832 [INFO] Validated this shift: 1 students
2026-04-14 14:29:38,981 [INFO] GPS | lat=22.260969 lon=70.804611 spd=35.0km/h age=177s
2026-04-14 14:29:46,148 [INFO] NEW FACE EVENT | stop='Ahir Chowk' — running extra detection
2026-04-14 14:29:46,148 [INFO] CAPTURING 4 samples at 'Ahir Chowk'
2026-04-14 14:29:46,865 [INFO] Best: index=1 score=0.1800 | 1280x720
2026-04-14 14:29:50,201 [INFO] Server OK | bus=115 faces=1 granted=0 unpaid=0 invalid=0 not_uni=0
2026-04-14 14:29:50,205 [INFO] DONE | bus=115 stop='Ahir Chowk' faces=1 granted=0 unpaid=0 invalid=0 not_uni=0
2026-04-14 14:29:50,205 [INFO] Validated this shift: 1 students
2026-04-14 14:30:05,646 [INFO] NEW FACE EVENT | stop='Ahir Chowk' — running extra detection
2026-04-14 14:30:05,646 [INFO] CAPTURING 4 samples at 'Ahir Chowk'
2026-04-14 14:30:06,358 [INFO] Best: index=0 score=0.1867 | 1280x720
2026-04-14 14:30:09,220 [INFO] GPS | lat=22.260969 lon=70.804611 spd=35.0km/h age=208s
2026-04-14 14:30:09,571 [INFO] Server OK | bus=115 faces=1 granted=0 unpaid=0 invalid=0 not_uni=0
2026-04-14 14:30:09,574 [INFO] DONE | bus=115 stop='Ahir Chowk' faces=1 granted=0 unpaid=0 invalid=0 not_uni=0
2026-04-14 14:30:09,575 [INFO] Validated this shift: 1 students
2026-04-14 14:30:12,623 [INFO] No GPS fix yet — waiting...
2026-04-14 14:30:27,630 [INFO] No GPS fix yet — waiting...
2026-04-14 14:30:39,472 [INFO] GPS | lat=22.260969 lon=70.804611 spd=35.0km/h age=238s
2026-04-14 14:30:42,657 [INFO] No GPS fix yet — waiting...
2026-04-14 14:30:57,667 [INFO] No GPS fix yet — waiting...
2026-04-14 14:31:09,696 [INFO] GPS | lat=22.260969 lon=70.804611 spd=35.0km/h age=268s
2026-04-14 14:31:12,673 [INFO] No GPS fix yet — waiting...
2026-04-14 14:31:27,681 [INFO] No GPS fix yet — waiting...
2026-04-14 14:31:39,909 [INFO] GPS | lat=22.260969 lon=70.804611 spd=35.0km/h age=298s
2026-04-14 14:31:42,687 [INFO] No GPS fix yet — waiting...
2026-04-14 14:31:57,697 [INFO] No GPS fix yet — waiting...
2026-04-14 14:32:10,136 [INFO] GPS | lat=22.260969 lon=70.804611 spd=35.0km/h age=329s
2026-04-14 14:32:12,704 [INFO] No GPS fix yet — waiting...
2026-04-14 14:32:27,711 [INFO] No GPS fix yet — waiting...
2026-04-14 14:32:40,400 [INFO] GPS | lat=22.260969 lon=70.804611 spd=35.0km/h age=359s
2026-04-14 14:32:42,720 [INFO] No GPS fix yet — waiting...
2026-04-14 14:32:57,727 [INFO] No GPS fix yet — waiting...
2026-04-14 14:33:10,600 [INFO] GPS | lat=22.260969 lon=70.804611 spd=35.0km/h age=389s
2026-04-14 14:33:12,734 [INFO] No GPS fix yet — waiting...
2026-04-14 14:33:27,739 [INFO] No GPS fix yet — waiting...
2026-04-14 14:33:40,806 [INFO] GPS | lat=22.260969 lon=70.804611 spd=35.0km/h age=419s
2026-04-14 14:33:42,745 [INFO] No GPS fix yet — waiting...
2026-04-14 14:33:57,752 [INFO] No GPS fix yet — waiting...
2026-04-14 14:34:01,755 [INFO] DEPARTED 'Ahir Chowk' | dist=161m
2026-04-14 14:34:10,999 [INFO] GPS | lat=22.262469 lon=70.806111 spd=35.0km/h age=1s
2026-04-14 14:34:41,160 [INFO] GPS | lat=22.260969 lon=70.804611 spd=35.0km/h age=1s
2026-04-14 14:35:11,346 [INFO] GPS | lat=22.260969 lon=70.804611 spd=35.0km/h age=23s
2026-04-14 14:35:41,547 [INFO] GPS | lat=22.260969 lon=70.804611 spd=35.0km/h age=53s
2026-04-14 14:36:11,731 [INFO] GPS | lat=22.260969 lon=70.804611 spd=35.0km/h age=83s
2026-04-14 14:36:41,929 [INFO] GPS | lat=22.260969 lon=70.804611 spd=35.0km/h age=113s
2026-04-14 14:37:12,098 [INFO] GPS | lat=22.260969 lon=70.804611 spd=35.0km/h age=144s
2026-04-14 14:37:30,256 [INFO] Ctrl+C — shutting down cleanly...
2026-04-14 14:37:30,257 [INFO] Stream thread stopped
2026-04-14 14:37:30,257 [INFO] Offline retry thread stopped
2026-04-14 14:37:30,839 [INFO] Camera closed
2026-04-14 14:37:30,840 [INFO] TransBuddy Laptop Client stopped.
2026-04-14 14:37:30,840 [INFO] Session summary — Granted:0 Unpaid:1 Invalid:0 Unknown:0
2026-04-14 14:38:40,020 [INFO] ==============================================================
2026-04-14 14:38:40,020 [INFO]   TransBuddy Laptop Client  v12.0.0 — Marwadi University
2026-04-14 14:38:40,020 [INFO]   Bus ID         : 115
2026-04-14 14:38:40,021 [INFO]   Server         : https://dissuasive-osseous-ethelyn.ngrok-free.dev
2026-04-14 14:38:40,021 [INFO]   GPS Relay      : http://127.0.0.1:6000
2026-04-14 14:38:40,021 [INFO]   Camera index   : 1
2026-04-14 14:38:40,021 [INFO]   Preview window : OFF
2026-04-14 14:38:40,021 [INFO]   Streaming      : ON
2026-04-14 14:38:40,021 [INFO]   Arrive radius  : 80m
2026-04-14 14:38:40,021 [INFO]   Capture delay  : 20s
2026-04-14 14:38:40,021 [INFO]   Offline queue  : offline_queue/
2026-04-14 14:38:40,021 [INFO] ==============================================================
2026-04-14 14:38:40,021 [INFO] Fetching bus stops from server...
2026-04-14 14:38:41,549 [INFO] Loaded 412 stops from server
2026-04-14 14:38:41,551 [INFO] Loaded 412 stops.
2026-04-14 14:38:42,315 [INFO] Bus registered | bus_no=? type=? driver=?
2026-04-14 14:38:42,317 [INFO] Waiting for GPS fix from relay at http://127.0.0.1:6000...
2026-04-14 14:38:42,318 [INFO] Make sure gps_relay_server.py is running and GPS tracking is started in browser.
2026-04-14 14:38:44,372 [WARNING] GPS relay: no fix yet for bus 115. Is gps_relay_server.py running and tracking?
2026-04-14 14:38:50,319 [INFO] GPS fix acquired | lat=22.262969 lon=70.806611
2026-04-14 14:38:50,319 [INFO] Opening camera index 1...
2026-04-14 14:38:51,532 [INFO] Camera 1 opened — warming up (5 frames)...
2026-04-14 14:38:52,533 [INFO] Camera ready | 1280x720
2026-04-14 14:38:53,036 [INFO] Stream thread started
2026-04-14 14:38:53,037 [INFO] Offline retry thread started
2026-04-14 14:38:53,617 [INFO] Validated today (evening slot): 0 GRs
2026-04-14 14:38:53,655 [INFO] Tracking started. Waiting for bus to approach a stop...
2026-04-14 14:39:14,614 [INFO] GPS | lat=22.261669 lon=70.805311 spd=35.0km/h age=1s
2026-04-14 14:39:19,014 [INFO] ARRIVED | bus=115 stop='Ahir Chowk' dist=76m | detection in 20s
2026-04-14 14:39:24,020 [INFO]   At 'Ahir Chowk' — detection in 15s
2026-04-14 14:39:34,036 [INFO]   At 'Ahir Chowk' — detection in 5s
2026-04-14 14:39:39,042 [INFO] CAPTURING 4 samples at 'Ahir Chowk'
2026-04-14 14:39:39,710 [INFO] Best: index=1 score=0.1609 | 1280x720
2026-04-14 14:39:41,415 [INFO] Server OK | bus=115 faces=1 granted=0 unpaid=0 invalid=0 not_uni=0
2026-04-14 14:39:41,417 [INFO] DONE | bus=115 stop='Ahir Chowk' faces=1 granted=0 unpaid=0 invalid=0 not_uni=0
2026-04-14 14:39:41,418 [INFO] Validated this shift: 0 students
2026-04-14 14:39:44,830 [INFO] GPS | lat=22.260969 lon=70.804611 spd=35.0km/h age=9s
2026-04-14 14:40:03,992 [INFO] NEW FACE EVENT | stop='Ahir Chowk' — running extra detection
2026-04-14 14:40:03,993 [INFO] CAPTURING 4 samples at 'Ahir Chowk'
2026-04-14 14:40:04,655 [INFO] Best: index=0 score=0.2077 | 1280x720
2026-04-14 14:40:07,532 [INFO] Server OK | bus=115 faces=1 granted=0 unpaid=1 invalid=0 not_uni=0
2026-04-14 14:40:07,535 [INFO] DONE | bus=115 stop='Ahir Chowk' faces=1 granted=0 unpaid=1 invalid=0 not_uni=0
2026-04-14 14:40:07,536 [INFO] Validated this shift: 1 students
2026-04-14 14:40:15,064 [INFO] GPS | lat=22.260969 lon=70.804611 spd=35.0km/h age=39s
2026-04-14 14:40:25,051 [INFO] NEW FACE EVENT | stop='Ahir Chowk' — running extra detection
2026-04-14 14:40:25,052 [INFO] CAPTURING 4 samples at 'Ahir Chowk'
2026-04-14 14:40:25,718 [INFO] Best: index=0 score=0.1810 | 1280x720
2026-04-14 14:40:28,706 [INFO] Server OK | bus=115 faces=1 granted=0 unpaid=0 invalid=0 not_uni=0
2026-04-14 14:40:28,709 [INFO] DONE | bus=115 stop='Ahir Chowk' faces=1 granted=0 unpaid=0 invalid=0 not_uni=0
2026-04-14 14:40:28,709 [INFO] Validated this shift: 1 students
2026-04-14 14:40:40,056 [INFO] NEW FACE EVENT | stop='Ahir Chowk' — running extra detection
2026-04-14 14:40:40,056 [INFO] CAPTURING 4 samples at 'Ahir Chowk'
2026-04-14 14:40:40,729 [INFO] Best: index=3 score=0.0315 | 1280x720
2026-04-14 14:40:42,367 [INFO] Server OK | bus=115 faces=1 granted=0 unpaid=0 invalid=0 not_uni=0
2026-04-14 14:40:42,369 [INFO] DONE | bus=115 stop='Ahir Chowk' faces=1 granted=0 unpaid=0 invalid=0 not_uni=0
2026-04-14 14:40:42,370 [INFO] Validated this shift: 1 students
2026-04-14 14:40:45,301 [INFO] GPS | lat=22.260969 lon=70.804611 spd=35.0km/h age=70s
2026-04-14 14:40:55,675 [INFO] NEW FACE EVENT | stop='Ahir Chowk' — running extra detection
2026-04-14 14:40:55,675 [INFO] CAPTURING 4 samples at 'Ahir Chowk'
2026-04-14 14:40:56,368 [INFO] Best: index=1 score=0.0936 | 1280x720
2026-04-14 14:40:58,005 [INFO] Server OK | bus=115 faces=1 granted=0 unpaid=0 invalid=0 not_uni=0
2026-04-14 14:40:58,007 [INFO] DONE | bus=115 stop='Ahir Chowk' faces=1 granted=0 unpaid=0 invalid=0 not_uni=0
2026-04-14 14:40:58,008 [INFO] Validated this shift: 1 students
2026-04-14 14:41:15,589 [INFO] GPS | lat=22.260969 lon=70.804611 spd=35.0km/h age=100s
2026-04-14 14:41:19,523 [INFO] NEW FACE EVENT | stop='Ahir Chowk' — running extra detection
2026-04-14 14:41:19,524 [INFO] CAPTURING 4 samples at 'Ahir Chowk'
2026-04-14 14:41:20,199 [INFO] Best: index=2 score=0.0208 | 1280x720
2026-04-14 14:41:21,589 [INFO] Server OK | bus=115 faces=1 granted=0 unpaid=0 invalid=0 not_uni=0
2026-04-14 14:41:21,592 [INFO] DONE | bus=115 stop='Ahir Chowk' faces=1 granted=0 unpaid=0 invalid=0 not_uni=0
2026-04-14 14:41:21,594 [INFO] Validated this shift: 1 students
2026-04-14 14:41:45,094 [INFO] NEW FACE EVENT | stop='Ahir Chowk' — running extra detection
2026-04-14 14:41:45,094 [INFO] CAPTURING 4 samples at 'Ahir Chowk'
2026-04-14 14:41:45,764 [INFO] Best: index=2 score=0.0519 | 1280x720
2026-04-14 14:41:45,865 [INFO] GPS | lat=22.260969 lon=70.804611 spd=35.0km/h age=130s
2026-04-14 14:41:47,125 [INFO] Server OK | bus=115 faces=0 granted=0 unpaid=0 invalid=0 not_uni=0
2026-04-14 14:41:47,130 [INFO] DONE | bus=115 stop='Ahir Chowk' faces=0 granted=0 unpaid=0 invalid=0 not_uni=0
2026-04-14 14:41:47,130 [INFO] Validated this shift: 1 students
2026-04-14 14:41:56,327 [INFO] NEW FACE EVENT | stop='Ahir Chowk' — running extra detection
2026-04-14 14:41:56,329 [INFO] CAPTURING 4 samples at 'Ahir Chowk'
2026-04-14 14:41:57,016 [INFO] Best: index=2 score=0.0740 | 1280x720
2026-04-14 14:41:59,089 [INFO] Server OK | bus=115 faces=1 granted=0 unpaid=0 invalid=1 not_uni=0
2026-04-14 14:41:59,092 [INFO] DONE | bus=115 stop='Ahir Chowk' faces=1 granted=0 unpaid=0 invalid=1 not_uni=0
2026-04-14 14:41:59,093 [INFO] Validated this shift: 2 students
2026-04-14 14:42:16,156 [INFO] GPS | lat=22.260969 lon=70.804611 spd=35.0km/h age=160s
2026-04-14 14:42:46,484 [INFO] GPS | lat=22.260969 lon=70.804611 spd=35.0km/h age=191s
2026-04-14 14:43:16,809 [INFO] GPS | lat=22.260969 lon=70.804611 spd=35.0km/h age=221s
2026-04-14 14:43:19,303 [INFO] No GPS fix yet — waiting...
2026-04-14 14:43:34,309 [INFO] No GPS fix yet — waiting...
2026-04-14 14:43:47,063 [INFO] GPS | lat=22.260969 lon=70.804611 spd=35.0km/h age=251s
2026-04-14 14:43:49,317 [INFO] No GPS fix yet — waiting...
2026-04-14 14:44:04,324 [INFO] No GPS fix yet — waiting...
2026-04-14 14:44:17,329 [INFO] GPS | lat=22.260969 lon=70.804611 spd=35.0km/h age=282s
2026-04-14 14:44:19,333 [INFO] No GPS fix yet — waiting...
2026-04-14 14:44:34,343 [INFO] No GPS fix yet — waiting...
2026-04-14 14:44:44,348 [INFO] DEPARTED 'Ahir Chowk' | dist=161m
2026-04-14 14:44:47,594 [INFO] GPS | lat=22.262769 lon=70.806411 spd=35.0km/h age=1s
2026-04-14 14:45:17,878 [INFO] GPS | lat=22.261269 lon=70.804911 spd=35.0km/h age=1s
2026-04-14 14:45:48,094 [INFO] GPS | lat=22.260969 lon=70.804611 spd=35.0km/h age=17s
2026-04-14 14:46:18,362 [INFO] GPS | lat=22.260969 lon=70.804611 spd=35.0km/h age=48s
2026-04-14 14:46:48,645 [INFO] GPS | lat=22.261669 lon=70.805311 spd=35.0km/h age=0s
2026-04-14 14:47:18,894 [INFO] GPS | lat=22.260969 lon=70.804611 spd=35.0km/h age=9s
2026-04-14 14:47:49,126 [INFO] GPS | lat=22.261569 lon=70.805211 spd=35.0km/h age=0s
2026-04-14 14:47:51,854 [INFO] Ctrl+C — shutting down cleanly...
2026-04-14 14:47:51,854 [INFO] Offline retry thread stopped
2026-04-14 14:47:52,139 [INFO] Stream thread stopped
2026-04-14 14:47:52,410 [INFO] Camera closed
2026-04-14 14:47:52,410 [INFO] TransBuddy Laptop Client stopped.
2026-04-14 14:47:52,410 [INFO] Session summary — Granted:0 Unpaid:1 Invalid:1 Unknown:0
2026-04-14 14:47:54,580 [INFO] ==============================================================
2026-04-14 14:47:54,580 [INFO]   TransBuddy Laptop Client  v12.0.0 — Marwadi University
2026-04-14 14:47:54,581 [INFO]   Bus ID         : 115
2026-04-14 14:47:54,581 [INFO]   Server         : https://dissuasive-osseous-ethelyn.ngrok-free.dev
2026-04-14 14:47:54,581 [INFO]   GPS Relay      : http://127.0.0.1:6000
2026-04-14 14:47:54,581 [INFO]   Camera index   : 1
2026-04-14 14:47:54,581 [INFO]   Preview window : OFF
2026-04-14 14:47:54,581 [INFO]   Streaming      : ON
2026-04-14 14:47:54,581 [INFO]   Arrive radius  : 80m
2026-04-14 14:47:54,581 [INFO]   Capture delay  : 20s
2026-04-14 14:47:54,582 [INFO]   Offline queue  : offline_queue/
2026-04-14 14:47:54,582 [INFO] ==============================================================
2026-04-14 14:47:54,582 [INFO] Fetching bus stops from server...
2026-04-14 14:47:56,334 [INFO] Loaded 412 stops from server
2026-04-14 14:47:56,336 [INFO] Loaded 412 stops.
2026-04-14 14:47:56,834 [INFO] Bus registered | bus_no=115 type=Large driver=MR. NAVGHNBHAI MAGHABHAI MIR
2026-04-14 14:47:56,836 [INFO] Waiting for GPS fix from relay at http://127.0.0.1:6000...
2026-04-14 14:47:56,837 [INFO] Make sure gps_relay_server.py is running and GPS tracking is started in browser.
2026-04-14 14:47:56,840 [INFO] GPS | lat=22.261169 lon=70.804811 spd=35.0km/h age=0s
2026-04-14 14:47:58,838 [INFO] GPS fix acquired | lat=22.261169 lon=70.804811
2026-04-14 14:47:58,838 [INFO] Opening camera index 1...
2026-04-14 14:47:59,950 [INFO] Camera 1 opened — warming up (5 frames)...
2026-04-14 14:48:00,953 [INFO] Camera ready | 1280x720
2026-04-14 14:48:01,454 [INFO] Stream thread started
2026-04-14 14:48:01,455 [INFO] Offline retry thread started
2026-04-14 14:48:02,667 [INFO] Validated today (evening slot): 2 GRs
2026-04-14 14:48:02,693 [INFO] Tracking started. Waiting for bus to approach a stop...
2026-04-14 14:48:03,945 [INFO] ARRIVED | bus=115 stop='Ahir Chowk' dist=0m | detection in 20s
2026-04-14 14:48:12,968 [INFO]   At 'Ahir Chowk' — detection in 11s
2026-04-14 14:48:22,978 [INFO]   At 'Ahir Chowk' — detection in 1s
2026-04-14 14:48:23,980 [INFO] CAPTURING 4 samples at 'Ahir Chowk'
2026-04-14 14:48:24,626 [INFO] Best: index=3 score=0.1340 | 1280x720
2026-04-14 14:48:26,529 [INFO] Server OK | bus=115 faces=0 granted=0 unpaid=0 invalid=0 not_uni=0
2026-04-14 14:48:26,533 [INFO] DONE | bus=115 stop='Ahir Chowk' faces=0 granted=0 unpaid=0 invalid=0 not_uni=0
2026-04-14 14:48:26,533 [INFO] Validated this shift: 2 students
2026-04-14 14:48:27,069 [INFO] GPS | lat=22.260969 lon=70.804611 spd=35.0km/h age=18s
2026-04-14 14:48:39,036 [INFO] NEW FACE EVENT | stop='Ahir Chowk' — running extra detection
2026-04-14 14:48:39,037 [INFO] CAPTURING 4 samples at 'Ahir Chowk'
2026-04-14 14:48:39,698 [INFO] Best: index=0 score=0.0270 | 1280x720
2026-04-14 14:48:42,475 [INFO] Server OK | bus=115 faces=0 granted=0 unpaid=0 invalid=0 not_uni=0
2026-04-14 14:48:42,480 [INFO] DONE | bus=115 stop='Ahir Chowk' faces=0 granted=0 unpaid=0 invalid=0 not_uni=0
2026-04-14 14:48:42,481 [INFO] Validated this shift: 2 students
2026-04-14 14:48:57,399 [INFO] GPS | lat=22.260969 lon=70.804611 spd=35.0km/h age=48s
2026-04-14 14:48:57,726 [INFO] NEW FACE EVENT | stop='Ahir Chowk' — running extra detection
2026-04-14 14:48:57,726 [INFO] CAPTURING 4 samples at 'Ahir Chowk'
2026-04-14 14:48:58,454 [INFO] Best: index=3 score=0.0341 | 1280x720
2026-04-14 14:49:00,423 [INFO] Server OK | bus=115 faces=2 granted=0 unpaid=0 invalid=0 not_uni=0
2026-04-14 14:49:00,427 [INFO] DONE | bus=115 stop='Ahir Chowk' faces=2 granted=0 unpaid=0 invalid=0 not_uni=0
2026-04-14 14:49:00,427 [INFO] Validated this shift: 2 students
2026-04-14 14:49:17,896 [INFO] NEW FACE EVENT | stop='Ahir Chowk' — running extra detection
2026-04-14 14:49:17,897 [INFO] CAPTURING 4 samples at 'Ahir Chowk'
2026-04-14 14:49:18,559 [INFO] Best: index=1 score=0.1455 | 1280x720
2026-04-14 14:49:21,618 [INFO] Server OK | bus=115 faces=4 granted=0 unpaid=1 invalid=0 not_uni=1
2026-04-14 14:49:21,623 [INFO] DONE | bus=115 stop='Ahir Chowk' faces=4 granted=0 unpaid=1 invalid=0 not_uni=1
2026-04-14 14:49:21,625 [INFO] Validated this shift: 3 students
2026-04-14 14:49:27,666 [INFO] GPS | lat=22.260969 lon=70.804611 spd=35.0km/h age=79s
2026-04-14 14:49:41,209 [INFO] NEW FACE EVENT | stop='Ahir Chowk' — running extra detection
2026-04-14 14:49:41,209 [INFO] CAPTURING 4 samples at 'Ahir Chowk'
2026-04-14 14:49:41,879 [INFO] Best: index=3 score=0.1501 | 1280x720
2026-04-14 14:49:44,217 [INFO] Server OK | bus=115 faces=4 granted=0 unpaid=0 invalid=0 not_uni=0
2026-04-14 14:49:44,223 [INFO] DONE | bus=115 stop='Ahir Chowk' faces=4 granted=0 unpaid=0 invalid=0 not_uni=0
2026-04-14 14:49:44,223 [INFO] Validated this shift: 3 students
2026-04-14 14:49:57,959 [INFO] GPS | lat=22.260969 lon=70.804611 spd=35.0km/h age=109s
2026-04-14 14:50:03,688 [INFO] NEW FACE EVENT | stop='Ahir Chowk' — running extra detection
2026-04-14 14:50:03,688 [INFO] CAPTURING 4 samples at 'Ahir Chowk'
2026-04-14 14:50:04,403 [INFO] Best: index=3 score=0.1026 | 1280x720
2026-04-14 14:50:06,926 [INFO] Server OK | bus=115 faces=1 granted=0 unpaid=0 invalid=0 not_uni=0
2026-04-14 14:50:06,929 [INFO] DONE | bus=115 stop='Ahir Chowk' faces=1 granted=0 unpaid=0 invalid=0 not_uni=0
2026-04-14 14:50:06,930 [INFO] Validated this shift: 3 students
2026-04-14 14:50:18,157 [INFO] NEW FACE EVENT | stop='Ahir Chowk' — running extra detection
2026-04-14 14:50:18,157 [INFO] CAPTURING 4 samples at 'Ahir Chowk'
2026-04-14 14:50:18,816 [INFO] Best: index=3 score=0.1798 | 1280x720
2026-04-14 14:50:21,117 [INFO] Server OK | bus=115 faces=0 granted=0 unpaid=0 invalid=0 not_uni=0
2026-04-14 14:50:21,121 [INFO] DONE | bus=115 stop='Ahir Chowk' faces=0 granted=0 unpaid=0 invalid=0 not_uni=0
2026-04-14 14:50:21,124 [INFO] Validated this shift: 3 students
2026-04-14 14:50:28,221 [INFO] GPS | lat=22.260969 lon=70.804611 spd=35.0km/h age=139s
2026-04-14 14:50:58,462 [INFO] GPS | lat=22.260969 lon=70.804611 spd=35.0km/h age=170s
2026-04-14 14:51:07,044 [INFO] NEW FACE EVENT | stop='Ahir Chowk' — running extra detection
2026-04-14 14:51:07,044 [INFO] CAPTURING 4 samples at 'Ahir Chowk'
2026-04-14 14:51:07,727 [INFO] Best: index=0 score=0.2332 | 1280x720
2026-04-14 14:51:10,020 [INFO] Server OK | bus=115 faces=0 granted=0 unpaid=0 invalid=0 not_uni=0
2026-04-14 14:51:10,024 [INFO] DONE | bus=115 stop='Ahir Chowk' faces=0 granted=0 unpaid=0 invalid=0 not_uni=0
2026-04-14 14:51:10,024 [INFO] Validated this shift: 3 students
2026-04-14 14:51:28,758 [INFO] GPS | lat=22.260969 lon=70.804611 spd=35.0km/h age=200s
2026-04-14 14:51:31,345 [INFO] NEW FACE EVENT | stop='Ahir Chowk' — running extra detection
2026-04-14 14:51:31,346 [INFO] CAPTURING 4 samples at 'Ahir Chowk'
2026-04-14 14:51:34,058 [INFO] Best: index=2 score=0.2600 | 1280x720
2026-04-14 14:51:42,015 [INFO] Server OK | bus=115 faces=3 granted=0 unpaid=0 invalid=0 not_uni=1
2026-04-14 14:51:42,020 [INFO] DONE | bus=115 stop='Ahir Chowk' faces=3 granted=0 unpaid=0 invalid=0 not_uni=1
2026-04-14 14:51:42,020 [INFO] Validated this shift: 3 students
2026-04-14 14:51:57,027 [INFO] No GPS fix yet — waiting...
2026-04-14 14:51:59,450 [INFO] GPS | lat=22.260969 lon=70.804611 spd=35.0km/h age=231s
2026-04-14 14:52:12,034 [INFO] No GPS fix yet — waiting...
2026-04-14 14:52:27,041 [INFO] No GPS fix yet — waiting...
2026-04-14 14:52:29,796 [INFO] GPS | lat=22.260969 lon=70.804611 spd=35.0km/h age=261s
2026-04-14 14:52:42,050 [INFO] No GPS fix yet — waiting...
2026-04-14 14:52:57,059 [INFO] No GPS fix yet — waiting...
2026-04-14 14:53:00,090 [INFO] GPS | lat=22.260969 lon=70.804611 spd=35.0km/h age=291s
2026-04-14 14:53:12,068 [INFO] No GPS fix yet — waiting...
2026-04-14 14:53:27,077 [INFO] No GPS fix yet — waiting...
2026-04-14 14:53:30,383 [INFO] GPS | lat=22.260969 lon=70.804611 spd=35.0km/h age=321s
2026-04-14 14:53:42,085 [INFO] No GPS fix yet — waiting...
2026-04-14 14:53:57,094 [INFO] No GPS fix yet — waiting...
2026-04-14 14:54:00,577 [INFO] GPS | lat=22.260969 lon=70.804611 spd=35.0km/h age=352s
2026-04-14 14:54:12,101 [INFO] No GPS fix yet — waiting...
2026-04-14 14:54:27,109 [INFO] No GPS fix yet — waiting...
2026-04-14 14:54:30,813 [INFO] GPS | lat=22.260969 lon=70.804611 spd=35.0km/h age=382s
2026-04-14 14:54:42,116 [INFO] No GPS fix yet — waiting...
2026-04-14 14:54:57,149 [INFO] No GPS fix yet — waiting...
2026-04-14 14:55:01,038 [INFO] GPS | lat=22.260969 lon=70.804611 spd=35.0km/h age=412s
2026-04-14 14:55:12,158 [INFO] No GPS fix yet — waiting...
2026-04-14 18:37:13,519 [INFO] ==============================================================
2026-04-14 18:37:13,519 [INFO]   TransBuddy Laptop Client  v12.0.0 — Marwadi University
2026-04-14 18:37:13,520 [INFO]   Bus ID         : 115
2026-04-14 18:37:13,520 [INFO]   Server         : https://dissuasive-osseous-ethelyn.ngrok-free.dev
2026-04-14 18:37:13,520 [INFO]   GPS Relay      : http://127.0.0.1:6000
2026-04-14 18:37:13,520 [INFO]   Camera index   : 1
2026-04-14 18:37:13,520 [INFO]   Preview window : OFF
2026-04-14 18:37:13,521 [INFO]   Streaming      : ON
2026-04-14 18:37:13,521 [INFO]   Arrive radius  : 80m
2026-04-14 18:37:13,521 [INFO]   Capture delay  : 20s
2026-04-14 18:37:13,521 [INFO]   Offline queue  : offline_queue/
2026-04-14 18:37:13,522 [INFO] ==============================================================
2026-04-14 18:37:13,522 [INFO] Fetching bus stops from server...
2026-04-14 18:37:24,427 [INFO] Loaded 412 stops from server
2026-04-14 18:37:24,429 [INFO] Loaded 412 stops.
2026-04-14 18:37:26,014 [INFO] Bus registered | bus_no=? type=? driver=?
2026-04-14 18:37:26,018 [INFO] Waiting for GPS fix from relay at http://127.0.0.1:6000...
2026-04-14 18:37:26,019 [INFO] Make sure gps_relay_server.py is running and GPS tracking is started in browser.
2026-04-14 18:37:26,039 [WARNING] GPS relay: no fix yet for bus 115. Is gps_relay_server.py running and tracking?
2026-04-14 18:37:32,021 [INFO] GPS fix acquired | lat=22.262969 lon=70.806611
2026-04-14 18:37:32,021 [INFO] Opening camera index 1...
2026-04-14 18:37:33,235 [INFO] Camera 1 opened — warming up (5 frames)...
2026-04-14 18:37:34,240 [INFO] Camera ready | 1280x720
2026-04-14 18:37:34,741 [INFO] Stream thread started
2026-04-14 18:37:34,741 [INFO] Offline retry thread started
2026-04-14 18:37:35,787 [INFO] Validated today (evening slot): 0 GRs
2026-04-14 18:37:35,876 [INFO] Tracking started. Waiting for bus to approach a stop...
2026-04-14 18:37:56,159 [INFO] GPS | lat=22.261669 lon=70.805311 spd=35.0km/h age=1s
2026-04-14 18:38:01,442 [INFO] ARRIVED | bus=115 stop='Ahir Chowk' dist=76m | detection in 20s
2026-04-14 18:38:06,449 [INFO]   At 'Ahir Chowk' — detection in 14s
2026-04-14 18:38:16,462 [INFO]   At 'Ahir Chowk' — detection in 4s
2026-04-14 18:38:21,466 [INFO] CAPTURING 4 samples at 'Ahir Chowk'
2026-04-14 18:38:22,144 [INFO] Best: index=2 score=0.0246 | 1280x720
2026-04-14 18:38:25,771 [INFO] Server OK | bus=115 faces=0 granted=0 unpaid=0 invalid=0 not_uni=0
2026-04-14 18:38:25,776 [INFO] DONE | bus=115 stop='Ahir Chowk' faces=0 granted=0 unpaid=0 invalid=0 not_uni=0
2026-04-14 18:38:25,776 [INFO] Validated this shift: 0 students
2026-04-14 18:38:26,353 [INFO] GPS | lat=22.260969 lon=70.804611 spd=35.0km/h age=10s
2026-04-14 18:38:56,481 [INFO] GPS | lat=22.260969 lon=70.804611 spd=35.0km/h age=40s
2026-04-14 18:39:26,640 [INFO] GPS | lat=22.260969 lon=70.804611 spd=35.0km/h age=70s
2026-04-14 18:39:56,776 [INFO] GPS | lat=22.260969 lon=70.804611 spd=35.0km/h age=100s
2026-04-14 18:40:02,894 [INFO] DEPARTED 'Ahir Chowk' | dist=161m
2026-04-14 18:40:26,924 [INFO] GPS | lat=22.261769 lon=70.805411 spd=35.0km/h age=0s
2026-04-14 18:40:57,041 [INFO] GPS | lat=22.260969 lon=70.804611 spd=35.0km/h age=6s
2026-04-14 18:41:27,163 [INFO] GPS | lat=22.260969 lon=70.804611 spd=35.0km/h age=36s
2026-04-14 18:41:57,276 [INFO] GPS | lat=22.260969 lon=70.804611 spd=35.0km/h age=66s
2026-04-14 18:42:27,389 [INFO] GPS | lat=22.260969 lon=70.804611 spd=35.0km/h age=97s
2026-04-14 18:42:57,546 [INFO] GPS | lat=22.262569 lon=70.806211 spd=35.0km/h age=1s
2026-04-14 18:43:27,666 [INFO] GPS | lat=22.261069 lon=70.804711 spd=35.0km/h age=1s
2026-04-14 18:43:57,826 [INFO] GPS | lat=22.260969 lon=70.804611 spd=35.0km/h age=21s
2026-04-14 18:44:25,196 [INFO] Ctrl+C — shutting down cleanly...
2026-04-14 18:44:25,197 [INFO] Offline retry thread stopped
2026-04-14 18:44:25,211 [INFO] Stream thread stopped
2026-04-14 18:44:25,772 [INFO] Camera closed
2026-04-14 18:44:25,773 [INFO] TransBuddy Laptop Client stopped.
2026-04-14 18:44:25,773 [INFO] Session summary — Granted:0 Unpaid:0 Invalid:0 Unknown:0
2026-04-16 12:43:04,269 [INFO] ==============================================================
2026-04-16 12:43:04,269 [INFO]   TransBuddy Laptop Client  v12.0.0 — Marwadi University
2026-04-16 12:43:04,270 [INFO]   Bus ID         : 115
2026-04-16 12:43:04,270 [INFO]   Server         : https://dissuasive-osseous-ethelyn.ngrok-free.dev
2026-04-16 12:43:04,270 [INFO]   GPS Relay      : http://127.0.0.1:6000
2026-04-16 12:43:04,270 [INFO]   Camera index   : 1
2026-04-16 12:43:04,270 [INFO]   Preview window : OFF
2026-04-16 12:43:04,270 [INFO]   Streaming      : ON
2026-04-16 12:43:04,271 [INFO]   Arrive radius  : 80m
2026-04-16 12:43:04,271 [INFO]   Capture delay  : 20s
2026-04-16 12:43:04,271 [INFO]   Offline queue  : offline_queue/
2026-04-16 12:43:04,271 [INFO] ==============================================================
2026-04-16 12:43:04,271 [INFO] Fetching bus stops from server...
2026-04-16 12:43:04,715 [WARNING] Load stops attempt 1/5: 404 Client Error: Not Found for url: https://dissuasive-osseous-ethelyn.ngrok-free.dev/pickup_points
2026-04-16 12:43:07,997 [WARNING] Load stops attempt 2/5: 404 Client Error: Not Found for url: https://dissuasive-osseous-ethelyn.ngrok-free.dev/pickup_points
2026-04-16 12:43:11,234 [WARNING] Load stops attempt 3/5: 404 Client Error: Not Found for url: https://dissuasive-osseous-ethelyn.ngrok-free.dev/pickup_points
2026-04-16 12:43:14,510 [WARNING] Load stops attempt 4/5: 404 Client Error: Not Found for url: https://dissuasive-osseous-ethelyn.ngrok-free.dev/pickup_points
2026-04-16 12:43:17,831 [WARNING] Load stops attempt 5/5: 404 Client Error: Not Found for url: https://dissuasive-osseous-ethelyn.ngrok-free.dev/pickup_points
2026-04-16 12:43:20,832 [ERROR] No stops loaded. Is the server running? Check SERVER_URL in Config.
2026-04-16 12:43:36,526 [INFO] ==============================================================
2026-04-16 12:43:36,526 [INFO]   TransBuddy Laptop Client  v12.0.0 — Marwadi University
2026-04-16 12:43:36,526 [INFO]   Bus ID         : 115
2026-04-16 12:43:36,526 [INFO]   Server         : https://dissuasive-osseous-ethelyn.ngrok-free.dev
2026-04-16 12:43:36,526 [INFO]   GPS Relay      : http://127.0.0.1:6000
2026-04-16 12:43:36,526 [INFO]   Camera index   : 1
2026-04-16 12:43:36,527 [INFO]   Preview window : OFF
2026-04-16 12:43:36,527 [INFO]   Streaming      : ON
2026-04-16 12:43:36,527 [INFO]   Arrive radius  : 80m
2026-04-16 12:43:36,527 [INFO]   Capture delay  : 20s
2026-04-16 12:43:36,527 [INFO]   Offline queue  : offline_queue/
2026-04-16 12:43:36,527 [INFO] ==============================================================
2026-04-16 12:43:36,527 [INFO] Fetching bus stops from server...
2026-04-16 12:43:36,835 [WARNING] Load stops attempt 1/5: 404 Client Error: Not Found for url: https://dissuasive-osseous-ethelyn.ngrok-free.dev/pickup_points
2026-04-16 12:43:40,117 [WARNING] Load stops attempt 2/5: 404 Client Error: Not Found for url: https://dissuasive-osseous-ethelyn.ngrok-free.dev/pickup_points
2026-04-16 12:43:43,318 [WARNING] Load stops attempt 3/5: 404 Client Error: Not Found for url: https://dissuasive-osseous-ethelyn.ngrok-free.dev/pickup_points
2026-04-16 12:43:46,536 [WARNING] Load stops attempt 4/5: 404 Client Error: Not Found for url: https://dissuasive-osseous-ethelyn.ngrok-free.dev/pickup_points
2026-04-16 12:43:49,850 [WARNING] Load stops attempt 5/5: 502 Server Error: Bad Gateway for url: https://dissuasive-osseous-ethelyn.ngrok-free.dev/pickup_points
2026-04-16 12:43:52,853 [ERROR] No stops loaded. Is the server running? Check SERVER_URL in Config.
2026-04-16 12:43:54,233 [INFO] ==============================================================
2026-04-16 12:43:54,235 [INFO]   TransBuddy Laptop Client  v12.0.0 — Marwadi University
2026-04-16 12:43:54,236 [INFO]   Bus ID         : 115
2026-04-16 12:43:54,236 [INFO]   Server         : https://dissuasive-osseous-ethelyn.ngrok-free.dev
2026-04-16 12:43:54,236 [INFO]   GPS Relay      : http://127.0.0.1:6000
2026-04-16 12:43:54,236 [INFO]   Camera index   : 1
2026-04-16 12:43:54,237 [INFO]   Preview window : OFF
2026-04-16 12:43:54,237 [INFO]   Streaming      : ON
2026-04-16 12:43:54,237 [INFO]   Arrive radius  : 80m
2026-04-16 12:43:54,237 [INFO]   Capture delay  : 20s
2026-04-16 12:43:54,237 [INFO]   Offline queue  : offline_queue/
2026-04-16 12:43:54,238 [INFO] ==============================================================
2026-04-16 12:43:54,238 [INFO] Fetching bus stops from server...
2026-04-16 12:43:54,547 [WARNING] Load stops attempt 1/5: 502 Server Error: Bad Gateway for url: https://dissuasive-osseous-ethelyn.ngrok-free.dev/pickup_points
2026-04-16 12:43:57,836 [WARNING] Load stops attempt 2/5: 502 Server Error: Bad Gateway for url: https://dissuasive-osseous-ethelyn.ngrok-free.dev/pickup_points
2026-04-16 12:44:01,492 [WARNING] Load stops attempt 3/5: 502 Server Error: Bad Gateway for url: https://dissuasive-osseous-ethelyn.ngrok-free.dev/pickup_points
2026-04-16 12:44:07,873 [WARNING] Load stops attempt 4/5: 502 Server Error: Bad Gateway for url: https://dissuasive-osseous-ethelyn.ngrok-free.dev/pickup_points
2026-04-16 12:44:11,157 [WARNING] Load stops attempt 5/5: 502 Server Error: Bad Gateway for url: https://dissuasive-osseous-ethelyn.ngrok-free.dev/pickup_points
2026-04-16 12:44:14,159 [ERROR] No stops loaded. Is the server running? Check SERVER_URL in Config.
2026-04-16 12:47:42,390 [INFO] ==============================================================
2026-04-16 12:47:42,390 [INFO]   TransBuddy Laptop Client  v12.0.0 — Marwadi University
2026-04-16 12:47:42,390 [INFO]   Bus ID         : 115
2026-04-16 12:47:42,391 [INFO]   Server         : https://dissuasive-osseous-ethelyn.ngrok-free.dev
2026-04-16 12:47:42,391 [INFO]   GPS Relay      : http://127.0.0.1:6000
2026-04-16 12:47:42,391 [INFO]   Camera index   : 1
2026-04-16 12:47:42,391 [INFO]   Preview window : OFF
2026-04-16 12:47:42,391 [INFO]   Streaming      : ON
2026-04-16 12:47:42,391 [INFO]   Arrive radius  : 80m
2026-04-16 12:47:42,391 [INFO]   Capture delay  : 20s
2026-04-16 12:47:42,391 [INFO]   Offline queue  : offline_queue/
2026-04-16 12:47:42,392 [INFO] ==============================================================
2026-04-16 12:47:42,392 [INFO] Fetching bus stops from server...
2026-04-16 12:47:42,728 [WARNING] Load stops attempt 1/5: 404 Client Error: Not Found for url: https://dissuasive-osseous-ethelyn.ngrok-free.dev/pickup_points
2026-04-16 12:47:56,111 [WARNING] Load stops attempt 2/5: 502 Server Error: Bad Gateway for url: https://dissuasive-osseous-ethelyn.ngrok-free.dev/pickup_points
2026-04-16 12:47:59,595 [WARNING] Load stops attempt 3/5: 502 Server Error: Bad Gateway for url: https://dissuasive-osseous-ethelyn.ngrok-free.dev/pickup_points
2026-04-16 12:49:25,306 [INFO] ==============================================================
2026-04-16 12:49:25,307 [INFO]   TransBuddy Laptop Client  v12.0.0 — Marwadi University
2026-04-16 12:49:25,307 [INFO]   Bus ID         : 115
2026-04-16 12:49:25,307 [INFO]   Server         : https://dissuasive-osseous-ethelyn.ngrok-free.dev
2026-04-16 12:49:25,307 [INFO]   GPS Relay      : http://127.0.0.1:6000
2026-04-16 12:49:25,307 [INFO]   Camera index   : 1
2026-04-16 12:49:25,307 [INFO]   Preview window : OFF
2026-04-16 12:49:25,308 [INFO]   Streaming      : ON
2026-04-16 12:49:25,308 [INFO]   Arrive radius  : 80m
2026-04-16 12:49:25,308 [INFO]   Capture delay  : 20s
2026-04-16 12:49:25,308 [INFO]   Offline queue  : offline_queue/
2026-04-16 12:49:25,308 [INFO] ==============================================================
2026-04-16 12:49:25,308 [INFO] Fetching bus stops from server...
2026-04-16 12:49:27,797 [WARNING] Load stops attempt 1/5: ('Connection aborted.', RemoteDisconnected('Remote end closed connection without response'))
2026-04-16 12:49:48,667 [WARNING] Load stops attempt 2/5: 502 Server Error: Bad Gateway for url: https://dissuasive-osseous-ethelyn.ngrok-free.dev/pickup_points
2026-04-16 12:50:08,248 [WARNING] Load stops attempt 3/5: 502 Server Error: Bad Gateway for url: https://dissuasive-osseous-ethelyn.ngrok-free.dev/pickup_points
2026-04-16 12:50:11,767 [WARNING] Load stops attempt 4/5: 502 Server Error: Bad Gateway for url: https://dissuasive-osseous-ethelyn.ngrok-free.dev/pickup_points
2026-04-17 22:19:02,544 [INFO] ==============================================================
2026-04-17 22:19:02,544 [INFO]   TransBuddy Laptop Client  v12.1.0 — Marwadi University
2026-04-17 22:19:02,545 [INFO]   Bus ID         : 115
2026-04-17 22:19:02,545 [INFO]   Server         : https://dissuasive-osseous-ethelyn.ngrok-free.dev
2026-04-17 22:19:02,545 [INFO]   GPS mode       : mock
2026-04-17 22:19:02,545 [INFO]   Camera index   : 1
2026-04-17 22:19:02,545 [INFO]   Preview window : OFF
2026-04-17 22:19:02,545 [INFO]   Streaming      : ON
2026-04-17 22:19:02,545 [INFO]   Capture delay  : 20s
2026-04-17 22:19:02,545 [INFO]   Offline queue  : offline_queue/
2026-04-17 22:19:02,546 [INFO] ==============================================================
2026-04-17 22:19:02,546 [INFO] Fetching bus stops from server...
2026-04-17 22:19:10,505 [INFO] Loaded 412 stops from server
2026-04-17 22:19:10,507 [INFO] Loaded 412 stops.
2026-04-17 22:19:14,817 [INFO] Bus registered | bus_no=? type=? driver=?
2026-04-17 22:19:14,819 [INFO] Mock GPS started | 412 stops | dwell=120s per stop
2026-04-17 22:19:14,819 [INFO] Mock GPS started — simulating bus driving through stops automatically
2026-04-17 22:19:16,820 [INFO] Opening camera 1...
2026-04-17 22:19:16,820 [INFO] Mock GPS | approaching 'Ahir Chowk' (1/412)
2026-04-17 22:19:18,001 [INFO] Camera 1 opened — warming up (5 frames)...
2026-04-17 22:19:19,004 [INFO] Camera ready | 1280x720
2026-04-17 22:19:19,506 [INFO] Stream thread started
2026-04-17 22:19:19,507 [INFO] Offline retry thread started
2026-04-17 22:19:22,892 [INFO] Validated today (evening slot): 0 GRs
2026-04-17 22:19:22,893 [INFO] Tracking started. Waiting for bus to approach a stop...
2026-04-17 22:19:23,895 [INFO] ARRIVED | bus=115 stop='Ahir Chowk' dist=47m | detection in 20s
2026-04-17 22:19:32,905 [INFO]   At 'Ahir Chowk' — detection in 11s
2026-04-17 22:19:40,826 [INFO] Mock GPS | ARRIVED at 'Ahir Chowk' | dwelling 120s
2026-04-17 22:19:42,916 [INFO]   At 'Ahir Chowk' — detection in 1s
2026-04-17 22:19:43,917 [INFO] CAPTURING 4 samples at 'Ahir Chowk'
2026-04-17 22:19:44,615 [INFO] Best: index=3 score=0.0651 | 1280x720
2026-04-17 22:19:48,608 [INFO] Server OK | bus=115 faces=0 granted=0 unpaid=0 invalid=0 not_uni=0
2026-04-17 22:19:48,611 [INFO] DONE | bus=115 stop='Ahir Chowk' faces=0 granted=0 unpaid=0
2026-04-17 22:19:48,611 [INFO] Validated this shift: 0 students
2026-04-17 22:29:00,822 [INFO] Mock GPS | DEPARTED 'Ahir Chowk'
2026-04-17 22:29:01,646 [INFO] DEPARTED 'Ahir Chowk' | dist=161m
2026-04-17 22:29:06,823 [INFO] Mock GPS | approaching 'Airport Fatak' (2/412)
2026-04-17 22:29:13,700 [INFO] ARRIVED | bus=115 stop='Airport Fatak' dist=67m | detection in 20s
2026-04-17 22:29:23,714 [INFO]   At 'Airport Fatak' — detection in 10s
2026-04-17 22:29:30,828 [INFO] Mock GPS | ARRIVED at 'Airport Fatak' | dwelling 120s
2026-04-17 22:29:33,725 [INFO] CAPTURING 4 samples at 'Airport Fatak'
2026-04-17 22:29:34,381 [INFO] Best: index=1 score=0.1507 | 1280x720
2026-04-17 22:30:05,048 [ERROR] Cannot reach server: https://dissuasive-osseous-ethelyn.ngrok-free.dev/upload
2026-04-17 22:30:05,049 [WARNING] Server unreachable — saving to offline queue
2026-04-17 22:30:05,070 [INFO] Offline queue | saved 20260417_223005_049588 | total=1
2026-04-17 22:30:05,070 [WARNING] Detection failed — saved to offline queue
2026-04-17 22:31:30,855 [INFO] Mock GPS | DEPARTED 'Airport Fatak'
2026-04-17 22:31:31,154 [INFO] DEPARTED 'Airport Fatak' | dist=303m
2026-04-17 22:31:36,855 [INFO] Mock GPS | approaching 'Aji Dam' (3/412)
2026-04-17 22:31:49,187 [INFO] ARRIVED | bus=115 stop='Aji Dam' dist=73m | detection in 20s
2026-04-17 22:31:55,205 [INFO]   At 'Aji Dam' — detection in 14s
2026-04-17 22:32:00,860 [INFO] Mock GPS | ARRIVED at 'Aji Dam' | dwelling 120s
2026-04-17 22:32:05,213 [INFO]   At 'Aji Dam' — detection in 4s
2026-04-17 22:32:09,216 [INFO] CAPTURING 4 samples at 'Aji Dam'
2026-04-17 22:32:09,896 [INFO] Best: index=2 score=0.1471 | 1280x720
2026-04-17 22:32:20,120 [INFO] Server OK | bus=115 faces=1 granted=0 unpaid=1 invalid=0 not_uni=0
2026-04-17 22:32:20,122 [INFO] DONE | bus=115 stop='Aji Dam' faces=1 granted=0 unpaid=1
2026-04-17 22:32:20,123 [INFO] Validated this shift: 1 students
2026-04-17 22:33:13,622 [INFO] Ctrl+C — shutting down...
2026-04-17 22:33:14,184 [INFO] Camera closed
2026-04-17 22:33:14,184 [INFO] Stopped.
2026-04-17 22:33:14,184 [INFO] Session — Granted:0 Unpaid:1 Invalid:0 Unknown:0
2026-04-21 08:08:36,686 [INFO] ==============================================================
2026-04-21 08:08:36,688 [INFO]   TransBuddy Laptop Client  v12.1.0 — Marwadi University
2026-04-21 08:08:36,688 [INFO]   Bus ID         : 115
2026-04-21 08:08:36,688 [INFO]   Server         : https://dissuasive-osseous-ethelyn.ngrok-free.dev
2026-04-21 08:08:36,688 [INFO]   GPS mode       : mock
2026-04-21 08:08:36,689 [INFO]   Camera index   : 1
2026-04-21 08:08:36,689 [INFO]   Preview window : OFF
2026-04-21 08:08:36,689 [INFO]   Streaming      : ON
2026-04-21 08:08:36,689 [INFO]   Capture delay  : 20s
2026-04-21 08:08:36,689 [INFO]   Offline queue  : offline_queue/
2026-04-21 08:08:36,690 [INFO] ==============================================================
2026-04-21 08:08:36,690 [INFO] Fetching bus stops from server...
2026-04-21 08:08:37,370 [INFO] Loaded 412 stops from server
2026-04-21 08:08:37,373 [INFO] Loaded 412 stops.
2026-04-21 08:08:37,671 [INFO] Bus registered | bus_no=? type=? driver=?
2026-04-21 08:08:37,674 [INFO] Mock GPS started | 412 stops | dwell=120s per stop
2026-04-21 08:08:37,675 [INFO] Mock GPS started — simulating bus driving through stops automatically
2026-04-21 08:08:39,679 [INFO] Opening camera 1...
2026-04-21 08:08:39,689 [INFO] Mock GPS | approaching 'Ahir Chowk' (1/412)
2026-04-21 08:08:41,247 [INFO] Camera 1 opened — warming up (5 frames)...
2026-04-21 08:08:42,237 [INFO] Camera ready | 1280x720
2026-04-21 08:08:42,742 [INFO] Stream thread started
2026-04-21 08:08:42,742 [INFO] Offline retry thread started
2026-04-21 08:08:43,108 [INFO] Validated today (morning slot): 0 GRs
2026-04-21 08:08:43,110 [INFO] Tracking started. Waiting for bus to approach a stop...
2026-04-21 08:08:44,112 [INFO] ARRIVED | bus=115 stop='Ahir Chowk' dist=57m | detection in 20s
2026-04-21 08:08:53,129 [INFO]   At 'Ahir Chowk' — detection in 11s
2026-04-21 08:09:03,141 [INFO]   At 'Ahir Chowk' — detection in 1s
2026-04-21 08:09:03,696 [INFO] Mock GPS | ARRIVED at 'Ahir Chowk' | dwelling 120s
2026-04-21 08:09:04,143 [INFO] CAPTURING 4 samples at 'Ahir Chowk'
2026-04-21 08:09:04,832 [INFO] Best: index=1 score=0.0971 | 1280x720
2026-04-21 08:09:07,783 [INFO] Server OK | bus=115 faces=4 granted=0 unpaid=0 invalid=1 not_uni=3
2026-04-21 08:09:07,790 [INFO] DONE | bus=115 stop='Ahir Chowk' faces=4 granted=0 unpaid=0
2026-04-21 08:09:07,792 [INFO] Validated this shift: 1 students
2026-04-21 08:11:03,729 [INFO] Mock GPS | DEPARTED 'Ahir Chowk'
2026-04-21 08:11:03,920 [INFO] DEPARTED 'Ahir Chowk' | dist=161m
2026-04-21 08:11:09,730 [INFO] Mock GPS | approaching 'Airport Fatak' (2/412)
2026-04-21 08:11:15,934 [INFO] ARRIVED | bus=115 stop='Airport Fatak' dist=67m | detection in 20s
2026-04-21 08:11:16,936 [INFO]   At 'Airport Fatak' — detection in 19s
2026-04-21 08:11:26,946 [INFO]   At 'Airport Fatak' — detection in 9s
2026-04-21 08:11:33,733 [INFO] Mock GPS | ARRIVED at 'Airport Fatak' | dwelling 120s
2026-04-21 08:11:35,956 [INFO] CAPTURING 4 samples at 'Airport Fatak'
2026-04-21 08:11:36,622 [INFO] Best: index=0 score=0.1234 | 1280x720
2026-04-21 08:11:38,412 [INFO] Server OK | bus=115 faces=2 granted=1 unpaid=0 invalid=0 not_uni=1
2026-04-21 08:11:38,414 [INFO] DONE | bus=115 stop='Airport Fatak' faces=2 granted=1 unpaid=0
2026-04-21 08:11:38,415 [INFO] Validated this shift: 2 students
2026-04-21 08:13:33,763 [INFO] Mock GPS | DEPARTED 'Airport Fatak'
2026-04-21 08:13:34,574 [INFO] DEPARTED 'Airport Fatak' | dist=303m
2026-04-21 08:13:39,764 [INFO] Mock GPS | approaching 'Aji Dam' (3/412)
2026-04-21 08:13:52,598 [INFO] ARRIVED | bus=115 stop='Aji Dam' dist=73m | detection in 20s
2026-04-21 08:13:59,610 [INFO]   At 'Aji Dam' — detection in 13s
2026-04-21 08:14:03,767 [INFO] Mock GPS | ARRIVED at 'Aji Dam' | dwelling 120s
2026-04-21 08:14:09,622 [INFO]   At 'Aji Dam' — detection in 3s
2026-04-21 08:14:12,625 [INFO] CAPTURING 4 samples at 'Aji Dam'
2026-04-21 08:14:13,301 [INFO] Best: index=2 score=0.1269 | 1280x720
2026-04-21 08:14:15,230 [INFO] Server OK | bus=115 faces=1 granted=1 unpaid=0 invalid=0 not_uni=0
2026-04-21 08:14:15,233 [INFO] DONE | bus=115 stop='Aji Dam' faces=1 granted=1 unpaid=0
2026-04-21 08:14:15,233 [INFO] Validated this shift: 3 students
2026-04-21 08:16:03,796 [INFO] Mock GPS | DEPARTED 'Aji Dam'
2026-04-21 08:16:04,413 [INFO] DEPARTED 'Aji Dam' | dist=303m
2026-04-21 08:16:09,797 [INFO] Mock GPS | approaching 'Alap Avenue' (4/412)
2026-04-21 08:16:28,442 [INFO] ARRIVED | bus=115 stop='Alap Avenue' dist=65m | detection in 20s
2026-04-21 08:16:32,471 [INFO]   At 'Alap Avenue' — detection in 16s
2026-04-21 08:16:33,800 [INFO] Mock GPS | ARRIVED at 'Alap Avenue' | dwelling 120s
2026-04-21 08:16:42,483 [INFO]   At 'Alap Avenue' — detection in 6s
2026-04-21 08:16:48,491 [INFO] CAPTURING 4 samples at 'Alap Avenue'
2026-04-21 08:16:49,173 [INFO] Best: index=3 score=0.2099 | 1280x720
2026-04-21 08:16:53,422 [INFO] Server OK | bus=115 faces=4 granted=1 unpaid=1 invalid=0 not_uni=2
2026-04-21 08:16:53,426 [INFO] DONE | bus=115 stop='Alap Avenue' faces=4 granted=1 unpaid=1
2026-04-21 08:16:53,426 [INFO] Validated this shift: 5 students
2026-04-21 08:18:33,853 [INFO] Mock GPS | DEPARTED 'Alap Avenue'
2026-04-21 08:18:34,553 [INFO] DEPARTED 'Alap Avenue' | dist=169m
2026-04-21 08:18:39,854 [INFO] Mock GPS | approaching 'Alap Green City' (5/412)
2026-04-21 08:18:40,561 [INFO] ARRIVED | bus=115 stop='Alap Green City' dist=72m | detection in 20s
2026-04-21 08:18:47,570 [INFO]   At 'Alap Green City' — detection in 13s
2026-04-21 08:18:57,587 [INFO]   At 'Alap Green City' — detection in 3s
2026-04-21 08:19:00,591 [INFO] CAPTURING 4 samples at 'Alap Green City'
2026-04-21 08:19:01,262 [INFO] Best: index=1 score=0.2254 | 1280x720
2026-04-21 08:19:03,859 [INFO] Mock GPS | ARRIVED at 'Alap Green City' | dwelling 120s
2026-04-21 08:19:05,345 [INFO] Server OK | bus=115 faces=7 granted=0 unpaid=1 invalid=0 not_uni=4
2026-04-21 08:19:05,350 [INFO] DONE | bus=115 stop='Alap Green City' faces=7 granted=0 unpaid=1
2026-04-21 08:19:05,350 [INFO] Validated this shift: 6 students
2026-04-21 08:21:03,902 [INFO] Mock GPS | DEPARTED 'Alap Green City'
2026-04-21 08:21:04,549 [INFO] DEPARTED 'Alap Green City' | dist=303m
2026-04-21 08:21:09,902 [INFO] Mock GPS | approaching 'Alap Heritage' (6/412)
2026-04-21 08:21:22,566 [INFO] ARRIVED | bus=115 stop='Alap Heritage' dist=63m | detection in 20s
2026-04-21 08:21:32,581 [INFO]   At 'Alap Heritage' — detection in 10s
2026-04-21 08:21:33,909 [INFO] Mock GPS | ARRIVED at 'Alap Heritage' | dwelling 120s
2026-04-21 08:21:42,596 [INFO] CAPTURING 4 samples at 'Alap Heritage'
2026-04-21 08:21:43,271 [INFO] Best: index=1 score=0.2172 | 1280x720
2026-04-21 08:21:47,549 [INFO] Server OK | bus=115 faces=6 granted=0 unpaid=0 invalid=0 not_uni=3
2026-04-21 08:21:47,553 [INFO] DONE | bus=115 stop='Alap Heritage' faces=6 granted=0 unpaid=0
2026-04-21 08:21:47,553 [INFO] Validated this shift: 6 students
2026-04-21 08:22:12,619 [INFO] ==============================================================
2026-04-21 08:22:12,619 [INFO]   TransBuddy Laptop Client  v12.1.0 — Marwadi University
2026-04-21 08:22:12,619 [INFO]   Bus ID         : 1
2026-04-21 08:22:12,619 [INFO]   Server         : https://dissuasive-osseous-ethelyn.ngrok-free.dev
2026-04-21 08:22:12,620 [INFO]   GPS mode       : mock
2026-04-21 08:22:12,620 [INFO]   Camera index   : 1
2026-04-21 08:22:12,620 [INFO]   Preview window : OFF
2026-04-21 08:22:12,620 [INFO]   Streaming      : ON
2026-04-21 08:22:12,620 [INFO]   Capture delay  : 20s
2026-04-21 08:22:12,620 [INFO]   Offline queue  : offline_queue/
2026-04-21 08:22:12,620 [INFO] ==============================================================
2026-04-21 08:22:12,620 [INFO] Fetching bus stops from server...
2026-04-21 08:22:13,317 [INFO] Loaded 412 stops from server
2026-04-21 08:22:13,319 [INFO] Loaded 412 stops.
2026-04-21 08:22:13,565 [INFO] Bus registered | bus_no=? type=? driver=?
2026-04-21 08:22:13,567 [INFO] Mock GPS started | 412 stops | dwell=120s per stop
2026-04-21 08:22:13,568 [INFO] Mock GPS started — simulating bus driving through stops automatically
2026-04-21 08:22:15,568 [INFO] Opening camera 1...
2026-04-21 08:22:15,568 [INFO] Mock GPS | approaching 'Ahir Chowk' (1/412)
2026-04-21 08:22:15,957 [ERROR] Camera 1 failed. Try CAMERA_INDEX 0,1,2...
2026-04-21 08:22:15,958 [ERROR] Could not open camera 1. Try CAMERA_INDEX 0,1,2... or check no other app is using it.
2026-04-21 08:23:34,001 [INFO] Mock GPS | DEPARTED 'Alap Heritage'
2026-04-21 08:23:34,669 [INFO] DEPARTED 'Alap Heritage' | dist=290m
2026-04-21 08:23:40,002 [INFO] Mock GPS | approaching 'Ambaji Kadva Chowk' (7/412)
2026-04-21 08:23:46,702 [INFO] ARRIVED | bus=115 stop='Ambaji Kadva Chowk' dist=77m | detection in 20s
2026-04-21 08:23:47,735 [INFO]   At 'Ambaji Kadva Chowk' — detection in 19s
2026-04-21 08:23:57,746 [INFO]   At 'Ambaji Kadva Chowk' — detection in 9s
2026-04-21 08:24:04,005 [INFO] Mock GPS | ARRIVED at 'Ambaji Kadva Chowk' | dwelling 120s
2026-04-21 08:24:06,753 [INFO] CAPTURING 4 samples at 'Ambaji Kadva Chowk'
2026-04-21 08:24:07,408 [INFO] Best: index=0 score=0.1340 | 1280x720
2026-04-21 08:24:11,679 [INFO] Server OK | bus=115 faces=6 granted=0 unpaid=0 invalid=0 not_uni=5
2026-04-21 08:24:11,683 [INFO] DONE | bus=115 stop='Ambaji Kadva Chowk' faces=6 granted=0 unpaid=0
2026-04-21 08:24:11,683 [INFO] Validated this shift: 6 students
2026-04-21 08:26:04,102 [INFO] Mock GPS | DEPARTED 'Ambaji Kadva Chowk'
2026-04-21 08:26:04,794 [INFO] DEPARTED 'Ambaji Kadva Chowk' | dist=303m
2026-04-21 08:26:10,103 [INFO] Mock GPS | approaching 'Ambedkar Nagar Chowk' (8/412)
2026-04-21 08:26:13,805 [INFO] ARRIVED | bus=115 stop='Ambedkar Nagar Chowk' dist=79m | detection in 20s
2026-04-21 08:26:22,815 [INFO]   At 'Ambedkar Nagar Chowk' — detection in 11s
2026-04-21 08:26:32,826 [INFO]   At 'Ambedkar Nagar Chowk' — detection in 1s
2026-04-21 08:26:33,828 [INFO] CAPTURING 4 samples at 'Ambedkar Nagar Chowk'
2026-04-21 08:26:34,106 [INFO] Mock GPS | ARRIVED at 'Ambedkar Nagar Chowk' | dwelling 120s
2026-04-21 08:26:34,487 [INFO] Best: index=3 score=0.2225 | 1280x720
2026-04-21 08:26:36,800 [INFO] Server OK | bus=115 faces=4 granted=0 unpaid=0 invalid=0 not_uni=4
2026-04-21 08:26:36,804 [INFO] DONE | bus=115 stop='Ambedkar Nagar Chowk' faces=4 granted=0 unpaid=0
2026-04-21 08:26:36,804 [INFO] Validated this shift: 6 students
2026-04-21 08:28:34,165 [INFO] Mock GPS | DEPARTED 'Ambedkar Nagar Chowk'
2026-04-21 08:28:34,931 [INFO] DEPARTED 'Ambedkar Nagar Chowk' | dist=303m
2026-04-21 08:28:40,166 [INFO] Mock GPS | approaching 'Ambedkar Nagar Gate' (9/412)
2026-04-21 08:29:04,170 [INFO] Mock GPS | ARRIVED at 'Ambedkar Nagar Gate' | dwelling 120s
2026-04-21 08:31:04,198 [INFO] Mock GPS | DEPARTED 'Ambedkar Nagar Gate'
2026-04-21 08:31:10,198 [INFO] Mock GPS | approaching 'Amrapali Bridge' (10/412)
2026-04-21 08:31:23,119 [INFO] ARRIVED | bus=115 stop='Amrapali Fatak' dist=53m | detection in 20s
2026-04-21 08:31:26,123 [INFO]   At 'Amrapali Fatak' — detection in 17s
2026-04-21 08:31:34,202 [INFO] Mock GPS | ARRIVED at 'Amrapali Bridge' | dwelling 120s
2026-04-21 08:31:36,133 [INFO]   At 'Amrapali Fatak' — detection in 7s
2026-04-21 08:31:43,140 [INFO] CAPTURING 4 samples at 'Amrapali Fatak'
2026-04-21 08:31:43,816 [INFO] Best: index=1 score=0.0516 | 1280x720
2026-04-21 08:31:47,007 [INFO] Server OK | bus=115 faces=1 granted=1 unpaid=0 invalid=0 not_uni=0
2026-04-21 08:31:47,010 [INFO] DONE | bus=115 stop='Amrapali Fatak' faces=1 granted=1 unpaid=0
2026-04-21 08:31:47,010 [INFO] Validated this shift: 7 students
2026-04-21 08:33:34,233 [INFO] Mock GPS | DEPARTED 'Amrapali Bridge'
2026-04-21 08:33:35,125 [INFO] DEPARTED 'Amrapali Fatak' | dist=303m
2026-04-21 08:33:40,234 [INFO] Mock GPS | approaching 'Amrapali Fatak' (11/412)
2026-04-21 08:34:04,237 [INFO] Mock GPS | ARRIVED at 'Amrapali Fatak' | dwelling 120s
2026-04-21 08:36:04,262 [INFO] Mock GPS | DEPARTED 'Amrapali Fatak'
2026-04-21 08:36:10,263 [INFO] Mock GPS | approaching 'Amul Chowk' (12/412)
2026-04-21 08:36:10,308 [INFO] ARRIVED | bus=115 stop='Amul Chowk' dist=32m | detection in 20s
2026-04-21 08:36:20,318 [INFO]   At 'Amul Chowk' — detection in 10s
2026-04-21 08:36:30,329 [INFO] CAPTURING 4 samples at 'Amul Chowk'
2026-04-21 08:36:30,993 [INFO] Best: index=3 score=0.0552 | 1280x720
2026-04-21 08:36:31,922 [INFO] Server OK | bus=115 faces=0 granted=0 unpaid=0 invalid=0 not_uni=0
2026-04-21 08:36:31,924 [INFO] DONE | bus=115 stop='Amul Chowk' faces=0 granted=0 unpaid=0
2026-04-21 08:36:31,924 [INFO] Validated this shift: 7 students
2026-04-21 08:36:34,266 [INFO] Mock GPS | ARRIVED at 'Amul Chowk' | dwelling 120s
2026-04-21 08:38:34,290 [INFO] Mock GPS | DEPARTED 'Amul Chowk'
2026-04-21 08:38:35,051 [INFO] DEPARTED 'Amul Chowk' | dist=303m
2026-04-21 08:38:40,290 [INFO] Mock GPS | approaching 'Amul Parlour' (13/412)
2026-04-21 08:38:41,056 [INFO] ARRIVED | bus=115 stop='Civil Hospital' dist=24m | detection in 20s
2026-04-21 08:38:42,058 [INFO]   At 'Civil Hospital' — detection in 19s
2026-04-21 08:38:52,068 [INFO]   At 'Civil Hospital' — detection in 9s
2026-04-21 08:39:01,076 [INFO] CAPTURING 4 samples at 'Civil Hospital'
2026-04-21 08:39:01,813 [INFO] Best: index=2 score=0.0649 | 1280x720
2026-04-21 08:39:02,715 [INFO] Server OK | bus=115 faces=0 granted=0 unpaid=0 invalid=0 not_uni=0
2026-04-21 08:39:02,718 [INFO] DONE | bus=115 stop='Civil Hospital' faces=0 granted=0 unpaid=0
2026-04-21 08:39:02,718 [INFO] Validated this shift: 7 students
2026-04-21 08:39:04,293 [INFO] Mock GPS | ARRIVED at 'Amul Parlour' | dwelling 120s
2026-04-21 09:05:37,383 [INFO] Mock GPS | DEPARTED 'Amul Parlour'
2026-04-21 09:05:38,013 [INFO] DEPARTED 'Civil Hospital' | dist=303m
2026-04-21 09:05:43,385 [INFO] Mock GPS | approaching 'Anand Bunglow Chowk' (14/412)
2026-04-21 09:05:56,063 [INFO] ARRIVED | bus=115 stop='Anand Bunglow Chowk' dist=73m | detection in 20s
2026-04-21 09:06:03,072 [INFO]   At 'Anand Bunglow Chowk' — detection in 13s
2026-04-21 09:06:07,405 [INFO] Mock GPS | ARRIVED at 'Anand Bunglow Chowk' | dwelling 120s
2026-04-21 09:06:13,083 [INFO]   At 'Anand Bunglow Chowk' — detection in 3s
2026-04-21 09:06:16,085 [INFO] CAPTURING 4 samples at 'Anand Bunglow Chowk'
2026-04-21 09:06:16,756 [INFO] Best: index=3 score=0.0691 | 1280x720
2026-04-21 09:06:18,578 [INFO] Server OK | bus=115 faces=0 granted=0 unpaid=0 invalid=0 not_uni=0
2026-04-21 09:06:18,581 [INFO] DONE | bus=115 stop='Anand Bunglow Chowk' faces=0 granted=0 unpaid=0
2026-04-21 09:06:18,581 [INFO] Validated this shift: 7 students
2026-04-21 09:08:07,451 [INFO] Mock GPS | DEPARTED 'Anand Bunglow Chowk'
2026-04-21 09:08:07,737 [INFO] DEPARTED 'Anand Bunglow Chowk' | dist=303m
2026-04-21 09:08:13,452 [INFO] Mock GPS | approaching 'Arjun Party Plot' (15/412)
2026-04-21 09:08:28,758 [INFO] ARRIVED | bus=115 stop='Arjun Party Plot' dist=59m | detection in 20s
2026-04-21 09:08:35,765 [INFO]   At 'Arjun Party Plot' — detection in 13s
2026-04-21 09:08:37,456 [INFO] Mock GPS | ARRIVED at 'Arjun Party Plot' | dwelling 120s
2026-04-21 09:08:45,774 [INFO]   At 'Arjun Party Plot' — detection in 3s
2026-04-21 09:08:48,776 [INFO] CAPTURING 4 samples at 'Arjun Party Plot'
2026-04-21 09:08:49,450 [INFO] Best: index=0 score=0.0725 | 1280x720
2026-04-21 09:08:53,215 [ERROR] Send failed: 502 Server Error: Bad Gateway for url: https://dissuasive-osseous-ethelyn.ngrok-free.dev/upload
2026-04-21 09:08:53,216 [WARNING] Server unreachable — saving to offline queue
2026-04-21 09:08:53,245 [INFO] Offline queue | saved 20260421_090853_218195 | total=2
2026-04-21 09:08:53,247 [WARNING] Detection failed — saved to offline queue
2026-04-21 09:10:37,504 [INFO] Mock GPS | DEPARTED 'Arjun Party Plot'
2026-04-21 09:10:37,529 [INFO] DEPARTED 'Arjun Party Plot' | dist=174m
2026-04-21 09:10:43,506 [INFO] Mock GPS | approaching 'Ashapura Temple (Palace Road)' (16/412)
2026-04-21 09:11:01,554 [INFO] ARRIVED | bus=115 stop='Ashapura Temple (Palace Road)' dist=41m | detection in 20s
2026-04-21 09:11:07,510 [INFO] Mock GPS | ARRIVED at 'Ashapura Temple (Palace Road)' | dwelling 120s
2026-04-21 09:11:10,633 [INFO]   At 'Ashapura Temple (Palace Road)' — detection in 11s
2026-04-21 09:11:20,776 [INFO]   At 'Ashapura Temple (Palace Road)' — detection in 1s
2026-04-21 09:11:21,820 [INFO] CAPTURING 4 samples at 'Ashapura Temple (Palace Road)'
2026-04-21 09:11:22,589 [INFO] Best: index=2 score=0.0560 | 1280x720
2026-04-21 09:11:28,864 [ERROR] Cannot reach server: https://dissuasive-osseous-ethelyn.ngrok-free.dev/upload
2026-04-21 09:11:28,867 [WARNING] Server unreachable — saving to offline queue
2026-04-21 09:11:28,930 [INFO] Offline queue | saved 20260421_091128_907538 | total=3
2026-04-21 09:11:28,958 [WARNING] Detection failed — saved to offline queue
2026-04-21 09:12:03,778 [INFO] Ctrl+C — shutting down...
2026-04-21 09:12:03,780 [INFO] Offline retry thread stopped
2026-04-21 09:12:03,780 [INFO] Stream thread stopped
2026-04-21 09:12:04,359 [INFO] Camera closed
2026-04-21 09:12:04,360 [INFO] Stopped.
2026-04-21 09:12:04,360 [INFO] Session — Granted:4 Unpaid:2 Invalid:1 Unknown:22
2026-04-21 09:12:07,216 [INFO] ==============================================================
2026-04-21 09:12:07,216 [INFO]   TransBuddy Laptop Client  v12.1.0 — Marwadi University
2026-04-21 09:12:07,216 [INFO]   Bus ID         : 1
2026-04-21 09:12:07,216 [INFO]   Server         : https://dissuasive-osseous-ethelyn.ngrok-free.dev
2026-04-21 09:12:07,216 [INFO]   GPS mode       : mock
2026-04-21 09:12:07,216 [INFO]   Camera index   : 115
2026-04-21 09:12:07,216 [INFO]   Preview window : OFF
2026-04-21 09:12:07,216 [INFO]   Streaming      : ON
2026-04-21 09:12:07,216 [INFO]   Capture delay  : 20s
2026-04-21 09:12:07,218 [INFO]   Offline queue  : offline_queue/
2026-04-21 09:12:07,218 [INFO] ==============================================================
2026-04-21 09:12:07,218 [INFO] Fetching bus stops from server...
2026-04-21 09:12:07,907 [INFO] Loaded 412 stops from server
2026-04-21 09:12:07,908 [INFO] Loaded 412 stops.
2026-04-21 09:12:08,217 [INFO] Bus registered | bus_no=? type=? driver=?
2026-04-21 09:12:08,219 [INFO] Mock GPS started | 412 stops | dwell=120s per stop
2026-04-21 09:12:08,219 [INFO] Mock GPS started — simulating bus driving through stops automatically
2026-04-21 09:12:10,220 [INFO] Mock GPS | approaching 'Ahir Chowk' (1/412)
2026-04-21 09:12:10,220 [INFO] Opening camera 115...
2026-04-21 09:12:10,240 [ERROR] Camera 115 failed. Try CAMERA_INDEX 0,1,2...
2026-04-21 09:12:10,240 [ERROR] Could not open camera 115. Try CAMERA_INDEX 0,1,2... or check no other app is using it.
2026-04-21 09:12:32,413 [INFO] ==============================================================
2026-04-21 09:12:32,413 [INFO]   TransBuddy Laptop Client  v12.1.0 — Marwadi University
2026-04-21 09:12:32,413 [INFO]   Bus ID         : 115
2026-04-21 09:12:32,414 [INFO]   Server         : https://dissuasive-osseous-ethelyn.ngrok-free.dev
2026-04-21 09:12:32,414 [INFO]   GPS mode       : mock
2026-04-21 09:12:32,414 [INFO]   Camera index   : 1
2026-04-21 09:12:32,414 [INFO]   Preview window : OFF
2026-04-21 09:12:32,415 [INFO]   Streaming      : ON
2026-04-21 09:12:32,415 [INFO]   Capture delay  : 20s
2026-04-21 09:12:32,415 [INFO]   Offline queue  : offline_queue/
2026-04-21 09:12:32,415 [INFO] ==============================================================
2026-04-21 09:12:32,415 [INFO] Fetching bus stops from server...
2026-04-21 09:12:33,066 [INFO] Loaded 412 stops from server
2026-04-21 09:12:33,067 [INFO] Loaded 412 stops.
2026-04-21 09:12:33,316 [INFO] Bus registered | bus_no=? type=? driver=?
2026-04-21 09:12:33,318 [INFO] Mock GPS started | 412 stops | dwell=120s per stop
2026-04-21 09:12:33,318 [INFO] Mock GPS started — simulating bus driving through stops automatically
2026-04-21 09:12:35,319 [INFO] Opening camera 1...
2026-04-21 09:12:35,319 [INFO] Mock GPS | approaching 'Ahir Chowk' (1/412)
2026-04-21 09:12:36,526 [INFO] Camera 1 opened — warming up (5 frames)...
2026-04-21 09:12:37,530 [INFO] Camera ready | 1280x720
2026-04-21 09:12:38,031 [INFO] Stream thread started
2026-04-21 09:12:38,031 [INFO] Offline retry thread started
2026-04-21 09:12:38,418 [INFO] Validated today (morning slot): 0 GRs
2026-04-21 09:12:38,419 [INFO] Tracking started. Waiting for bus to approach a stop...
2026-04-21 09:12:39,420 [INFO] ARRIVED | bus=115 stop='Ahir Chowk' dist=57m | detection in 20s
2026-04-21 09:12:48,430 [INFO]   At 'Ahir Chowk' — detection in 11s
2026-04-21 09:12:58,440 [INFO]   At 'Ahir Chowk' — detection in 1s
2026-04-21 09:12:59,323 [INFO] Mock GPS | ARRIVED at 'Ahir Chowk' | dwelling 120s
2026-04-21 09:12:59,441 [INFO] CAPTURING 4 samples at 'Ahir Chowk'
2026-04-21 09:13:00,126 [INFO] Best: index=3 score=0.0903 | 1280x720
2026-04-21 09:13:02,229 [INFO] Server OK | bus=115 faces=0 granted=0 unpaid=0 invalid=0 not_uni=0
2026-04-21 09:13:02,231 [INFO] DONE | bus=115 stop='Ahir Chowk' faces=0 granted=0 unpaid=0
2026-04-21 09:13:02,231 [INFO] Validated this shift: 0 students
2026-04-21 09:14:19,875 [INFO] Ctrl+C — shutting down...
2026-04-21 09:14:19,885 [INFO] Offline retry thread stopped
2026-04-21 09:14:19,886 [INFO] Stream thread stopped
2026-04-21 09:14:20,550 [INFO] Camera closed
2026-04-21 09:14:20,550 [INFO] Stopped.
2026-04-21 09:14:20,550 [INFO] Session — Granted:0 Unpaid:0 Invalid:0 Unknown:0
2026-04-21 09:14:43,827 [INFO] ==============================================================
2026-04-21 09:14:43,827 [INFO]   TransBuddy Laptop Client  v12.1.0 — Marwadi University
2026-04-21 09:14:43,827 [INFO]   Bus ID         : 115
2026-04-21 09:14:43,827 [INFO]   Server         : https://dissuasive-osseous-ethelyn.ngrok-free.dev
2026-04-21 09:14:43,827 [INFO]   GPS mode       : mock
2026-04-21 09:14:43,827 [INFO]   Camera index   : 1
2026-04-21 09:14:43,828 [INFO]   Preview window : OFF
2026-04-21 09:14:43,828 [INFO]   Streaming      : ON
2026-04-21 09:14:43,828 [INFO]   Capture delay  : 20s
2026-04-21 09:14:43,828 [INFO]   Offline queue  : offline_queue/
2026-04-21 09:14:43,828 [INFO] ==============================================================
2026-04-21 09:14:43,828 [INFO] Fetching bus stops from server...
2026-04-21 09:14:44,389 [INFO] Loaded 412 stops from server
2026-04-21 09:14:44,389 [INFO] Loaded 412 stops.
2026-04-21 09:14:44,675 [INFO] Bus registered | bus_no=? type=? driver=?
2026-04-21 09:14:44,677 [INFO] Mock GPS started | 412 stops | dwell=120s per stop
2026-04-21 09:14:44,677 [INFO] Mock GPS started — simulating bus driving through stops automatically
2026-04-21 09:14:46,678 [INFO] Mock GPS | approaching 'Ahir Chowk' (1/412)
2026-04-21 09:14:46,678 [INFO] Opening camera 1...
2026-04-21 09:14:47,868 [INFO] Camera 1 opened — warming up (5 frames)...
2026-04-21 09:14:48,871 [INFO] Camera ready | 1280x720
2026-04-21 09:14:49,372 [INFO] Stream thread started
2026-04-21 09:14:49,373 [INFO] Offline retry thread started
2026-04-21 09:14:49,625 [INFO] Validated today (morning slot): 0 GRs
2026-04-21 09:14:49,626 [INFO] Tracking started. Waiting for bus to approach a stop...
2026-04-21 09:14:50,628 [INFO] ARRIVED | bus=115 stop='Ahir Chowk' dist=57m | detection in 20s
2026-04-21 09:14:59,637 [INFO]   At 'Ahir Chowk' — detection in 11s
2026-04-21 09:15:09,647 [INFO]   At 'Ahir Chowk' — detection in 1s
2026-04-21 09:15:10,648 [INFO] CAPTURING 4 samples at 'Ahir Chowk'
2026-04-21 09:15:10,682 [INFO] Mock GPS | ARRIVED at 'Ahir Chowk' | dwelling 120s
2026-04-21 09:15:11,317 [INFO] Best: index=1 score=0.0938 | 1280x720
2026-04-21 09:15:12,764 [INFO] Server OK | bus=115 faces=1 granted=0 unpaid=0 invalid=0 not_uni=1
2026-04-21 09:15:12,767 [INFO] DONE | bus=115 stop='Ahir Chowk' faces=1 granted=0 unpaid=0
2026-04-21 09:15:12,767 [INFO] Validated this shift: 0 students
2026-04-21 09:17:10,717 [INFO] Mock GPS | DEPARTED 'Ahir Chowk'
2026-04-21 09:17:10,909 [INFO] DEPARTED 'Ahir Chowk' | dist=161m
2026-04-21 09:17:16,718 [INFO] Mock GPS | approaching 'Airport Fatak' (2/412)
2026-04-21 09:17:22,922 [INFO] ARRIVED | bus=115 stop='Airport Fatak' dist=67m | detection in 20s
2026-04-21 09:17:31,943 [INFO]   At 'Airport Fatak' — detection in 11s
2026-04-21 09:17:40,722 [INFO] Mock GPS | ARRIVED at 'Airport Fatak' | dwelling 120s
2026-04-21 09:17:41,953 [INFO]   At 'Airport Fatak' — detection in 1s
2026-04-21 09:17:42,954 [INFO] CAPTURING 4 samples at 'Airport Fatak'
2026-04-21 09:17:43,623 [INFO] Best: index=3 score=0.2849 | 1280x720
2026-04-21 09:17:44,802 [INFO] Server OK | bus=115 faces=1 granted=0 unpaid=0 invalid=0 not_uni=1
2026-04-21 09:17:44,805 [INFO] DONE | bus=115 stop='Airport Fatak' faces=1 granted=0 unpaid=0
2026-04-21 09:17:44,805 [INFO] Validated this shift: 0 students
2026-04-21 09:19:40,763 [INFO] Mock GPS | DEPARTED 'Airport Fatak'
2026-04-21 09:19:40,990 [INFO] DEPARTED 'Airport Fatak' | dist=303m
2026-04-21 09:19:46,764 [INFO] Mock GPS | approaching 'Aji Dam' (3/412)
2026-04-21 09:19:59,005 [INFO] ARRIVED | bus=115 stop='Aji Dam' dist=73m | detection in 20s
2026-04-21 09:20:04,010 [INFO]   At 'Aji Dam' — detection in 15s
2026-04-21 09:20:10,767 [INFO] Mock GPS | ARRIVED at 'Aji Dam' | dwelling 120s
2026-04-21 09:20:14,020 [INFO]   At 'Aji Dam' — detection in 5s
2026-04-21 09:20:19,023 [INFO] CAPTURING 4 samples at 'Aji Dam'
2026-04-21 09:20:19,670 [INFO] Best: index=0 score=0.1979 | 1280x720
2026-04-21 09:20:28,564 [INFO] Server OK | bus=115 faces=1 granted=0 unpaid=0 invalid=0 not_uni=1
2026-04-21 09:20:28,566 [INFO] DONE | bus=115 stop='Aji Dam' faces=1 granted=0 unpaid=0
2026-04-21 09:20:28,568 [INFO] Validated this shift: 0 students
2026-04-21 09:22:10,788 [INFO] Mock GPS | DEPARTED 'Aji Dam'
2026-04-21 09:22:11,692 [INFO] DEPARTED 'Aji Dam' | dist=303m
2026-04-21 09:22:16,789 [INFO] Mock GPS | approaching 'Alap Avenue' (4/412)
2026-04-21 09:22:35,716 [INFO] ARRIVED | bus=115 stop='Alap Avenue' dist=65m | detection in 20s
2026-04-21 09:22:40,793 [INFO] Mock GPS | ARRIVED at 'Alap Avenue' | dwelling 120s
2026-04-21 09:22:43,724 [INFO]   At 'Alap Avenue' — detection in 12s
2026-04-21 09:22:53,734 [INFO]   At 'Alap Avenue' — detection in 2s
2026-04-21 09:22:55,736 [INFO] CAPTURING 4 samples at 'Alap Avenue'
2026-04-21 09:22:56,398 [INFO] Best: index=0 score=0.0704 | 1280x720
2026-04-21 09:22:57,644 [INFO] Server OK | bus=115 faces=1 granted=0 unpaid=0 invalid=0 not_uni=1
2026-04-21 09:22:57,648 [INFO] DONE | bus=115 stop='Alap Avenue' faces=1 granted=0 unpaid=0
2026-04-21 09:22:57,648 [INFO] Validated this shift: 0 students
2026-04-21 09:24:40,820 [INFO] Mock GPS | DEPARTED 'Alap Avenue'
2026-04-21 09:24:41,757 [INFO] DEPARTED 'Alap Avenue' | dist=169m
2026-04-21 09:24:46,821 [INFO] Mock GPS | approaching 'Alap Green City' (5/412)
2026-04-21 09:24:47,764 [INFO] ARRIVED | bus=115 stop='Alap Green City' dist=72m | detection in 20s
2026-04-21 09:24:55,787 [INFO]   At 'Alap Green City' — detection in 12s
2026-04-21 09:24:58,800 [INFO] Ctrl+C — shutting down...
2026-04-21 09:24:58,801 [INFO] Offline retry thread stopped
2026-04-21 09:24:59,004 [INFO] Stream thread stopped
2026-04-21 09:24:59,412 [INFO] Camera closed
2026-04-21 09:24:59,413 [INFO] Stopped.
2026-04-21 09:24:59,414 [INFO] Session — Granted:0 Unpaid:0 Invalid:0 Unknown:4
2026-04-21 09:31:04,726 [INFO] ==============================================================
2026-04-21 09:31:04,728 [INFO]   TransBuddy Laptop Client  v12.1.0 — Marwadi University
2026-04-21 09:31:04,728 [INFO]   Bus ID         : 115
2026-04-21 09:31:04,728 [INFO]   Server         : https://dissuasive-osseous-ethelyn.ngrok-free.dev
2026-04-21 09:31:04,728 [INFO]   GPS mode       : mock
2026-04-21 09:31:04,728 [INFO]   Camera index   : 1
2026-04-21 09:31:04,728 [INFO]   Preview window : OFF
2026-04-21 09:31:04,728 [INFO]   Streaming      : ON
2026-04-21 09:31:04,728 [INFO]   Capture delay  : 20s
2026-04-21 09:31:04,729 [INFO]   Offline queue  : offline_queue/
2026-04-21 09:31:04,729 [INFO] ==============================================================
2026-04-21 09:31:04,729 [INFO] Fetching bus stops from server...
2026-04-21 09:31:05,542 [INFO] Loaded 412 stops from server
2026-04-21 09:31:05,543 [INFO] Loaded 412 stops.
2026-04-21 09:31:05,836 [INFO] Bus registered | bus_no=? type=? driver=?
2026-04-21 09:31:05,838 [INFO] Mock GPS started | 412 stops | dwell=120s per stop
2026-04-21 09:31:05,838 [INFO] Mock GPS started — simulating bus driving through stops automatically
2026-04-21 09:31:07,839 [INFO] Mock GPS | approaching 'Ahir Chowk' (1/412)
2026-04-21 09:31:07,839 [INFO] Opening camera 1...
2026-04-21 09:31:09,027 [INFO] Camera 1 opened — warming up (5 frames)...
2026-04-21 09:31:10,030 [INFO] Camera ready | 1280x720
2026-04-21 09:31:10,532 [INFO] Stream thread started
2026-04-21 09:31:10,533 [INFO] Offline retry thread started
2026-04-21 09:31:10,809 [INFO] Validated today (morning slot): 0 GRs
2026-04-21 09:31:10,810 [INFO] Tracking started. Waiting for bus to approach a stop...
2026-04-21 09:31:11,811 [INFO] ARRIVED | bus=115 stop='Ahir Chowk' dist=57m | detection in 20s
2026-04-21 09:31:20,828 [INFO]   At 'Ahir Chowk' — detection in 11s
2026-04-21 09:31:30,846 [INFO]   At 'Ahir Chowk' — detection in 1s
2026-04-21 09:31:31,845 [INFO] Mock GPS | ARRIVED at 'Ahir Chowk' | dwelling 120s
2026-04-21 09:31:31,848 [INFO] CAPTURING 4 samples at 'Ahir Chowk'
2026-04-21 09:31:32,537 [INFO] Best: index=2 score=0.1771 | 1280x720
2026-04-21 09:31:34,168 [INFO] Server OK | bus=115 faces=1 granted=0 unpaid=1 invalid=0 not_uni=0
2026-04-21 09:31:34,173 [INFO] DONE | bus=115 stop='Ahir Chowk' faces=1 granted=0 unpaid=1
2026-04-21 09:31:34,174 [INFO] Validated this shift: 1 students
2026-04-21 09:33:31,876 [INFO] Mock GPS | DEPARTED 'Ahir Chowk'
2026-04-21 09:33:32,307 [INFO] DEPARTED 'Ahir Chowk' | dist=161m
2026-04-21 09:33:37,877 [INFO] Mock GPS | approaching 'Airport Fatak' (2/412)
2026-04-21 09:33:44,319 [INFO] ARRIVED | bus=115 stop='Airport Fatak' dist=67m | detection in 20s
2026-04-21 09:33:53,328 [INFO]   At 'Airport Fatak' — detection in 11s
2026-04-21 09:34:01,880 [INFO] Mock GPS | ARRIVED at 'Airport Fatak' | dwelling 120s
2026-04-21 09:34:03,337 [INFO]   At 'Airport Fatak' — detection in 1s
2026-04-21 09:34:04,337 [INFO] CAPTURING 4 samples at 'Airport Fatak'
2026-04-21 09:34:05,002 [INFO] Best: index=0 score=0.1744 | 1280x720
2026-04-21 09:34:06,028 [INFO] Server OK | bus=115 faces=0 granted=0 unpaid=0 invalid=0 not_uni=0
2026-04-21 09:34:06,033 [INFO] DONE | bus=115 stop='Airport Fatak' faces=0 granted=0 unpaid=0
2026-04-21 09:34:06,033 [INFO] Validated this shift: 1 students
2026-04-21 09:35:37,899 [INFO] Ctrl+C — shutting down...
2026-04-21 09:35:37,900 [INFO] Offline retry thread stopped
2026-04-21 09:35:37,974 [INFO] Stream thread stopped
2026-04-21 09:35:38,473 [INFO] Camera closed
2026-04-21 09:35:38,473 [INFO] Stopped.
2026-04-21 09:35:38,473 [INFO] Session — Granted:0 Unpaid:1 Invalid:0 Unknown:0
2026-04-21 09:37:06,934 [INFO] ==============================================================
2026-04-21 09:37:06,934 [INFO]   TransBuddy Laptop Client  v12.1.0 — Marwadi University
2026-04-21 09:37:06,934 [INFO]   Bus ID         : 115
2026-04-21 09:37:06,934 [INFO]   Server         : https://dissuasive-osseous-ethelyn.ngrok-free.dev
2026-04-21 09:37:06,934 [INFO]   GPS mode       : mock
2026-04-21 09:37:06,934 [INFO]   Camera index   : 1
2026-04-21 09:37:06,935 [INFO]   Preview window : OFF
2026-04-21 09:37:06,935 [INFO]   Streaming      : ON
2026-04-21 09:37:06,935 [INFO]   Capture delay  : 20s
2026-04-21 09:37:06,935 [INFO]   Offline queue  : offline_queue/
2026-04-21 09:37:06,935 [INFO] ==============================================================
2026-04-21 09:37:06,935 [INFO] Fetching bus stops from server...
2026-04-21 09:37:07,572 [INFO] Loaded 412 stops from server
2026-04-21 09:37:07,574 [INFO] Loaded 412 stops.
2026-04-21 09:37:07,842 [INFO] Bus registered | bus_no=? type=? driver=?
2026-04-21 09:37:07,847 [INFO] Mock GPS started | 412 stops | dwell=120s per stop
2026-04-21 09:37:07,847 [INFO] Mock GPS started — simulating bus driving through stops automatically
2026-04-21 09:37:09,848 [INFO] Opening camera 1...
2026-04-21 09:37:09,848 [INFO] Mock GPS | approaching 'Ahir Chowk' (1/412)
2026-04-21 09:37:11,024 [INFO] Camera 1 opened — warming up (5 frames)...
2026-04-21 09:37:12,026 [INFO] Camera ready | 1280x720
2026-04-21 09:37:12,528 [INFO] Stream thread started
2026-04-21 09:37:12,529 [INFO] Offline retry thread started
2026-04-21 09:37:12,816 [INFO] Validated today (morning slot): 0 GRs
2026-04-21 09:37:12,817 [INFO] Tracking started. Waiting for bus to approach a stop...
2026-04-21 09:37:13,819 [INFO] ARRIVED | bus=115 stop='Ahir Chowk' dist=57m | detection in 20s
2026-04-21 09:37:22,827 [INFO]   At 'Ahir Chowk' — detection in 11s
2026-04-21 09:37:32,839 [INFO]   At 'Ahir Chowk' — detection in 1s
2026-04-21 09:37:33,840 [INFO] CAPTURING 4 samples at 'Ahir Chowk'
2026-04-21 09:37:33,852 [INFO] Mock GPS | ARRIVED at 'Ahir Chowk' | dwelling 120s
2026-04-21 09:37:34,563 [INFO] Best: index=2 score=0.0665 | 1280x720
2026-04-21 09:37:35,844 [INFO] Server OK | bus=115 faces=0 granted=0 unpaid=0 invalid=0 not_uni=0
2026-04-21 09:37:35,848 [INFO] DONE | bus=115 stop='Ahir Chowk' faces=0 granted=0 unpaid=0
2026-04-21 09:37:35,848 [INFO] Validated this shift: 0 students
2026-04-21 09:39:33,884 [INFO] Mock GPS | DEPARTED 'Ahir Chowk'
2026-04-21 09:39:33,963 [INFO] DEPARTED 'Ahir Chowk' | dist=161m
2026-04-21 09:39:39,885 [INFO] Mock GPS | approaching 'Airport Fatak' (2/412)
2026-04-21 09:39:45,976 [INFO] ARRIVED | bus=115 stop='Airport Fatak' dist=67m | detection in 20s
2026-04-21 09:39:52,318 [INFO] Ctrl+C — shutting down...
2026-04-21 09:39:52,318 [INFO] Offline retry thread stopped
2026-04-21 09:39:52,672 [INFO] Stream thread stopped
2026-04-21 09:39:52,880 [INFO] Camera closed
2026-04-21 09:39:52,880 [INFO] Stopped.
2026-04-21 09:39:52,880 [INFO] Session — Granted:0 Unpaid:0 Invalid:0 Unknown:0
2026-04-21 09:47:58,950 [INFO] ==============================================================
2026-04-21 09:47:58,950 [INFO]   TransBuddy Laptop Client  v12.1.0 — Marwadi University
2026-04-21 09:47:58,950 [INFO]   Bus ID         : 115
2026-04-21 09:47:58,950 [INFO]   Server         : https://dissuasive-osseous-ethelyn.ngrok-free.dev
2026-04-21 09:47:58,950 [INFO]   GPS mode       : mock
2026-04-21 09:47:58,950 [INFO]   Camera index   : 1
2026-04-21 09:47:58,951 [INFO]   Preview window : OFF
2026-04-21 09:47:58,951 [INFO]   Streaming      : ON
2026-04-21 09:47:58,951 [INFO]   Capture delay  : 20s
2026-04-21 09:47:58,951 [INFO]   Offline queue  : offline_queue/
2026-04-21 09:47:58,952 [INFO] ==============================================================
2026-04-21 09:47:58,952 [INFO] Fetching bus stops from server...
2026-04-21 09:47:59,517 [INFO] Loaded 412 stops from server
2026-04-21 09:47:59,522 [INFO] Loaded 412 stops.
2026-04-21 09:47:59,752 [INFO] Bus registered | bus_no=? type=? driver=?
2026-04-21 09:47:59,754 [INFO] Mock GPS started | 412 stops | dwell=120s per stop
2026-04-21 09:47:59,754 [INFO] Mock GPS started — simulating bus driving through stops automatically
2026-04-21 09:48:01,755 [INFO] Mock GPS | approaching 'Ahir Chowk' (1/412)
2026-04-21 09:48:01,755 [INFO] Opening camera 1...
2026-04-21 09:48:02,946 [INFO] Camera 1 opened — warming up (5 frames)...
2026-04-21 09:48:03,948 [INFO] Camera ready | 1280x720
2026-04-21 09:48:04,450 [INFO] Stream thread started
2026-04-21 09:48:04,450 [INFO] Offline retry thread started
2026-04-21 09:48:04,649 [INFO] Validated today (morning slot): 0 GRs
2026-04-21 09:48:04,656 [INFO] Tracking started. Waiting for bus to approach a stop...
2026-04-21 09:48:05,657 [INFO] ARRIVED | bus=115 stop='Ahir Chowk' dist=57m | detection in 20s
2026-04-21 09:48:14,669 [INFO]   At 'Ahir Chowk' — detection in 11s
2026-04-21 09:48:24,677 [INFO]   At 'Ahir Chowk' — detection in 1s
2026-04-21 09:48:25,678 [INFO] CAPTURING 4 samples at 'Ahir Chowk'
2026-04-21 09:48:25,759 [INFO] Mock GPS | ARRIVED at 'Ahir Chowk' | dwelling 120s
2026-04-21 09:48:26,347 [INFO] Best: index=0 score=0.1424 | 1280x720
2026-04-21 09:48:27,281 [INFO] Server OK | bus=115 faces=1 granted=1 unpaid=0 invalid=0 not_uni=0
2026-04-21 09:48:27,283 [INFO] DONE | bus=115 stop='Ahir Chowk' faces=1 granted=1 unpaid=0
2026-04-21 09:48:27,285 [INFO] Validated this shift: 1 students
2026-04-21 09:50:25,785 [INFO] Mock GPS | DEPARTED 'Ahir Chowk'
2026-04-21 09:50:26,414 [INFO] DEPARTED 'Ahir Chowk' | dist=161m
2026-04-21 09:50:31,787 [INFO] Mock GPS | approaching 'Airport Fatak' (2/412)
2026-04-21 09:50:38,425 [INFO] ARRIVED | bus=115 stop='Airport Fatak' dist=67m | detection in 20s
2026-04-21 09:50:46,433 [INFO]   At 'Airport Fatak' — detection in 12s
2026-04-21 09:50:55,791 [INFO] Mock GPS | ARRIVED at 'Airport Fatak' | dwelling 120s
2026-04-21 09:50:56,442 [INFO]   At 'Airport Fatak' — detection in 2s
2026-04-21 09:50:58,444 [INFO] CAPTURING 4 samples at 'Airport Fatak'
2026-04-21 09:50:59,100 [INFO] Best: index=0 score=0.1674 | 1280x720
2026-04-21 09:51:01,300 [INFO] Server OK | bus=115 faces=1 granted=0 unpaid=1 invalid=0 not_uni=0
2026-04-21 09:51:01,302 [INFO] DONE | bus=115 stop='Airport Fatak' faces=1 granted=0 unpaid=1
2026-04-21 09:51:01,302 [INFO] Validated this shift: 2 students
2026-04-21 09:52:55,839 [INFO] Mock GPS | DEPARTED 'Airport Fatak'
2026-04-21 09:52:56,418 [INFO] DEPARTED 'Airport Fatak' | dist=303m
2026-04-21 09:53:01,840 [INFO] Mock GPS | approaching 'Aji Dam' (3/412)
2026-04-21 09:53:14,436 [INFO] ARRIVED | bus=115 stop='Aji Dam' dist=73m | detection in 20s
2026-04-21 09:53:19,441 [INFO]   At 'Aji Dam' — detection in 15s
2026-04-21 09:53:25,843 [INFO] Mock GPS | ARRIVED at 'Aji Dam' | dwelling 120s
2026-04-21 09:53:29,482 [INFO]   At 'Aji Dam' — detection in 5s
2026-04-21 09:53:34,528 [INFO] CAPTURING 4 samples at 'Aji Dam'
2026-04-21 09:53:35,188 [INFO] Best: index=3 score=0.1366 | 1280x720
2026-04-21 09:53:37,981 [INFO] Server OK | bus=115 faces=3 granted=0 unpaid=1 invalid=0 not_uni=2
2026-04-21 09:53:37,984 [INFO] DONE | bus=115 stop='Aji Dam' faces=3 granted=0 unpaid=1
2026-04-21 09:53:37,984 [INFO] Validated this shift: 3 students
2026-04-21 09:55:25,868 [INFO] Mock GPS | DEPARTED 'Aji Dam'
2026-04-21 09:55:26,108 [INFO] DEPARTED 'Aji Dam' | dist=303m
2026-04-21 09:55:31,869 [INFO] Mock GPS | approaching 'Alap Avenue' (4/412)
2026-04-21 09:55:50,133 [INFO] ARRIVED | bus=115 stop='Alap Avenue' dist=65m | detection in 20s
2026-04-21 09:55:53,136 [INFO]   At 'Alap Avenue' — detection in 17s
2026-04-21 09:55:55,873 [INFO] Mock GPS | ARRIVED at 'Alap Avenue' | dwelling 120s
2026-04-21 09:56:03,147 [INFO]   At 'Alap Avenue' — detection in 7s
2026-04-21 09:56:10,155 [INFO] CAPTURING 4 samples at 'Alap Avenue'
2026-04-21 09:56:10,822 [INFO] Best: index=0 score=0.1352 | 1280x720
2026-04-21 09:56:12,851 [INFO] Server OK | bus=115 faces=2 granted=0 unpaid=0 invalid=1 not_uni=1
2026-04-21 09:56:12,855 [INFO] DONE | bus=115 stop='Alap Avenue' faces=2 granted=0 unpaid=0
2026-04-21 09:56:12,855 [INFO] Validated this shift: 4 students
2026-04-21 09:57:55,899 [INFO] Mock GPS | DEPARTED 'Alap Avenue'
2026-04-21 09:57:55,958 [INFO] DEPARTED 'Alap Avenue' | dist=169m
2026-04-21 09:58:01,900 [INFO] Mock GPS | approaching 'Alap Green City' (5/412)
2026-04-21 09:58:01,964 [INFO] ARRIVED | bus=115 stop='Alap Green City' dist=72m | detection in 20s
2026-04-21 09:58:05,970 [INFO]   At 'Alap Green City' — detection in 16s
2026-04-21 09:58:15,979 [INFO]   At 'Alap Green City' — detection in 6s
2026-04-21 09:58:21,985 [INFO] CAPTURING 4 samples at 'Alap Green City'
2026-04-21 09:58:22,627 [INFO] Best: index=3 score=0.1428 | 1280x720
2026-04-21 09:58:24,762 [INFO] Server OK | bus=115 faces=2 granted=0 unpaid=0 invalid=0 not_uni=2
2026-04-21 09:58:24,765 [INFO] DONE | bus=115 stop='Alap Green City' faces=2 granted=0 unpaid=0
2026-04-21 09:58:24,765 [INFO] Validated this shift: 4 students
2026-04-21 09:58:25,904 [INFO] Mock GPS | ARRIVED at 'Alap Green City' | dwelling 120s
2026-04-21 10:00:25,932 [INFO] Mock GPS | DEPARTED 'Alap Green City'
2026-04-21 10:00:26,886 [INFO] DEPARTED 'Alap Green City' | dist=303m
2026-04-21 10:00:31,932 [INFO] Mock GPS | approaching 'Alap Heritage' (6/412)
2026-04-21 10:00:44,904 [INFO] ARRIVED | bus=115 stop='Alap Heritage' dist=63m | detection in 20s
2026-04-21 10:00:48,909 [INFO]   At 'Alap Heritage' — detection in 16s
2026-04-21 10:00:55,936 [INFO] Mock GPS | ARRIVED at 'Alap Heritage' | dwelling 120s
2026-04-21 10:00:58,920 [INFO]   At 'Alap Heritage' — detection in 6s
2026-04-21 10:01:04,925 [INFO] CAPTURING 4 samples at 'Alap Heritage'
2026-04-21 10:01:05,574 [INFO] Best: index=3 score=0.1318 | 1280x720
2026-04-21 10:01:07,657 [INFO] Server OK | bus=115 faces=0 granted=0 unpaid=0 invalid=0 not_uni=0
2026-04-21 10:01:07,659 [INFO] DONE | bus=115 stop='Alap Heritage' faces=0 granted=0 unpaid=0
2026-04-21 10:01:07,659 [INFO] Validated this shift: 4 students
2026-04-21 10:02:55,965 [INFO] Mock GPS | DEPARTED 'Alap Heritage'
2026-04-21 10:02:56,774 [INFO] DEPARTED 'Alap Heritage' | dist=290m
2026-04-21 10:03:01,965 [INFO] Mock GPS | approaching 'Ambaji Kadva Chowk' (7/412)
2026-04-21 10:03:08,785 [INFO] ARRIVED | bus=115 stop='Ambaji Kadva Chowk' dist=77m | detection in 20s
2026-04-21 10:03:11,789 [INFO]   At 'Ambaji Kadva Chowk' — detection in 17s
2026-04-21 10:03:21,800 [INFO]   At 'Ambaji Kadva Chowk' — detection in 7s
2026-04-21 10:03:25,968 [INFO] Mock GPS | ARRIVED at 'Ambaji Kadva Chowk' | dwelling 120s
2026-04-21 10:03:28,807 [INFO] CAPTURING 4 samples at 'Ambaji Kadva Chowk'
2026-04-21 10:03:29,465 [INFO] Best: index=2 score=0.1561 | 1280x720
2026-04-21 10:03:32,794 [INFO] Server OK | bus=115 faces=0 granted=0 unpaid=0 invalid=0 not_uni=0
2026-04-21 10:03:32,798 [INFO] DONE | bus=115 stop='Ambaji Kadva Chowk' faces=0 granted=0 unpaid=0
2026-04-21 10:03:32,798 [INFO] Validated this shift: 4 students
2026-04-21 10:05:25,993 [INFO] Mock GPS | DEPARTED 'Ambaji Kadva Chowk'
2026-04-21 10:05:26,909 [INFO] DEPARTED 'Ambaji Kadva Chowk' | dist=303m
2026-04-21 10:05:31,993 [INFO] Mock GPS | approaching 'Ambedkar Nagar Chowk' (8/412)
2026-04-21 10:05:35,917 [INFO] ARRIVED | bus=115 stop='Ambedkar Nagar Chowk' dist=79m | detection in 20s
2026-04-21 10:05:45,928 [INFO]   At 'Ambedkar Nagar Chowk' — detection in 10s
2026-04-21 10:05:55,938 [INFO] CAPTURING 4 samples at 'Ambedkar Nagar Chowk'
2026-04-21 10:05:55,998 [INFO] Mock GPS | ARRIVED at 'Ambedkar Nagar Chowk' | dwelling 120s
2026-04-21 10:05:56,586 [INFO] Best: index=2 score=0.1579 | 1280x720
2026-04-21 10:05:57,579 [INFO] Server OK | bus=115 faces=0 granted=0 unpaid=0 invalid=0 not_uni=0
2026-04-21 10:05:57,581 [INFO] DONE | bus=115 stop='Ambedkar Nagar Chowk' faces=0 granted=0 unpaid=0
2026-04-21 10:05:57,581 [INFO] Validated this shift: 4 students
2026-04-21 10:07:56,028 [INFO] Mock GPS | DEPARTED 'Ambedkar Nagar Chowk'
2026-04-21 10:07:56,699 [INFO] DEPARTED 'Ambedkar Nagar Chowk' | dist=303m
2026-04-21 10:08:02,029 [INFO] Mock GPS | approaching 'Ambedkar Nagar Gate' (9/412)
2026-04-21 10:08:26,032 [INFO] Mock GPS | ARRIVED at 'Ambedkar Nagar Gate' | dwelling 120s
2026-04-21 10:10:26,060 [INFO] Mock GPS | DEPARTED 'Ambedkar Nagar Gate'
2026-04-21 10:10:30,627 [INFO] Ctrl+C — shutting down...
2026-04-21 10:10:30,628 [INFO] Offline retry thread stopped
2026-04-21 10:10:30,822 [INFO] Stream thread stopped
2026-04-21 10:10:31,208 [INFO] Camera closed
2026-04-21 10:10:31,210 [INFO] Stopped.
2026-04-21 10:10:31,210 [INFO] Session — Granted:1 Unpaid:2 Invalid:1 Unknown:5
2026-04-21 10:21:06,822 [INFO] ==============================================================
2026-04-21 10:21:06,822 [INFO]   TransBuddy Laptop Client  v12.1.0 — Marwadi University
2026-04-21 10:21:06,823 [INFO]   Bus ID         : 115
2026-04-21 10:21:06,823 [INFO]   Server         : https://dissuasive-osseous-ethelyn.ngrok-free.dev
2026-04-21 10:21:06,823 [INFO]   GPS mode       : mock
2026-04-21 10:21:06,823 [INFO]   Camera index   : 1
2026-04-21 10:21:06,823 [INFO]   Preview window : OFF
2026-04-21 10:21:06,823 [INFO]   Streaming      : ON
2026-04-21 10:21:06,824 [INFO]   Capture delay  : 20s
2026-04-21 10:21:06,824 [INFO]   Offline queue  : offline_queue/
2026-04-21 10:21:06,824 [INFO] ==============================================================
2026-04-21 10:21:06,824 [INFO] Fetching bus stops from server...
2026-04-21 10:21:07,413 [INFO] Loaded 412 stops from server
2026-04-21 10:21:07,415 [INFO] Loaded 412 stops.
2026-04-21 10:21:07,660 [INFO] Bus registered | bus_no=115 type=Large driver=MR. NAVGHNBHAI MAGHABHAI MIR
2026-04-21 10:21:07,661 [INFO] Mock GPS started | 412 stops | dwell=120s per stop
2026-04-21 10:21:07,661 [INFO] Mock GPS started — simulating bus driving through stops automatically
2026-04-21 10:21:09,663 [INFO] Opening camera 1...
2026-04-21 10:21:09,663 [INFO] Mock GPS | approaching 'Ahir Chowk' (1/412)
2026-04-21 10:21:10,899 [INFO] Camera 1 opened — warming up (5 frames)...
2026-04-21 10:21:11,902 [INFO] Camera ready | 1280x720
2026-04-21 10:21:12,405 [INFO] Stream thread started
2026-04-21 10:21:12,406 [INFO] Offline retry thread started
2026-04-21 10:21:12,622 [INFO] Validated today (morning slot): 4 GRs
2026-04-21 10:21:12,624 [INFO] Tracking started. Waiting for bus to approach a stop...
2026-04-21 10:21:13,625 [INFO] ARRIVED | bus=115 stop='Ahir Chowk' dist=57m | detection in 20s
2026-04-21 10:21:22,633 [INFO]   At 'Ahir Chowk' — detection in 11s
2026-04-21 10:21:32,644 [INFO]   At 'Ahir Chowk' — detection in 1s
2026-04-21 10:21:33,646 [INFO] CAPTURING 4 samples at 'Ahir Chowk'
2026-04-21 10:21:33,673 [INFO] Mock GPS | ARRIVED at 'Ahir Chowk' | dwelling 120s
2026-04-21 10:21:34,310 [INFO] Best: index=3 score=0.1467 | 1280x720
2026-04-21 10:21:36,091 [INFO] Server OK | bus=115 faces=1 granted=0 unpaid=0 invalid=0 not_uni=0
2026-04-21 10:21:36,095 [INFO] DONE | bus=115 stop='Ahir Chowk' faces=1 granted=0 unpaid=0
2026-04-21 10:21:36,096 [INFO] Validated this shift: 4 students
2026-04-21 10:22:17,974 [INFO] Ctrl+C — shutting down...
2026-04-21 10:22:17,975 [INFO] Offline retry thread stopped
2026-04-21 10:22:17,975 [INFO] Stream thread stopped
2026-04-21 10:22:18,534 [INFO] Camera closed
2026-04-21 10:22:18,534 [INFO] Stopped.
2026-04-21 10:22:18,534 [INFO] Session — Granted:0 Unpaid:0 Invalid:0 Unknown:0
2026-04-21 10:23:56,075 [INFO] ==============================================================
2026-04-21 10:23:56,076 [INFO]   TransBuddy Laptop Client  v12.1.0 — Marwadi University
2026-04-21 10:23:56,076 [INFO]   Bus ID         : 115
2026-04-21 10:23:56,076 [INFO]   Server         : https://dissuasive-osseous-ethelyn.ngrok-free.dev
2026-04-21 10:23:56,076 [INFO]   GPS mode       : mock
2026-04-21 10:23:56,076 [INFO]   Camera index   : 1
2026-04-21 10:23:56,076 [INFO]   Preview window : OFF
2026-04-21 10:23:56,076 [INFO]   Streaming      : ON
2026-04-21 10:23:56,076 [INFO]   Capture delay  : 20s
2026-04-21 10:23:56,076 [INFO]   Offline queue  : offline_queue/
2026-04-21 10:23:56,076 [INFO] ==============================================================
2026-04-21 10:23:56,076 [INFO] Fetching bus stops from server...
2026-04-21 10:23:56,574 [INFO] Loaded 412 stops from server
2026-04-21 10:23:56,576 [INFO] Loaded 412 stops.
2026-04-21 10:23:56,774 [INFO] Bus registered | bus_no=? type=? driver=?
2026-04-21 10:23:56,777 [INFO] Mock GPS started | 412 stops | dwell=120s per stop
2026-04-21 10:23:56,778 [INFO] Mock GPS started — simulating bus driving through stops automatically
2026-04-21 10:23:58,778 [INFO] Opening camera 1...
2026-04-21 10:23:58,778 [INFO] Mock GPS | approaching 'Ahir Chowk' (1/412)
2026-04-21 10:23:59,986 [INFO] Camera 1 opened — warming up (5 frames)...
2026-04-21 10:24:00,990 [INFO] Camera ready | 1280x720
2026-04-21 10:24:01,492 [INFO] Stream thread started
2026-04-21 10:24:01,493 [INFO] Offline retry thread started
2026-04-21 10:24:01,733 [INFO] Validated today (morning slot): 0 GRs
2026-04-21 10:24:01,736 [INFO] Tracking started. Waiting for bus to approach a stop...
2026-04-21 10:24:02,737 [INFO] ARRIVED | bus=115 stop='Ahir Chowk' dist=57m | detection in 20s
2026-04-21 10:24:11,748 [INFO]   At 'Ahir Chowk' — detection in 11s
2026-04-21 10:24:21,757 [INFO]   At 'Ahir Chowk' — detection in 1s
2026-04-21 10:24:22,759 [INFO] CAPTURING 4 samples at 'Ahir Chowk'
2026-04-21 10:24:22,783 [INFO] Mock GPS | ARRIVED at 'Ahir Chowk' | dwelling 120s
2026-04-21 10:24:23,440 [INFO] Best: index=0 score=0.1143 | 1280x720
2026-04-21 10:24:26,552 [INFO] Server OK | bus=115 faces=1 granted=0 unpaid=0 invalid=0 not_uni=0
2026-04-21 10:24:26,555 [INFO] DONE | bus=115 stop='Ahir Chowk' faces=1 granted=0 unpaid=0
2026-04-21 10:24:26,557 [INFO] Validated this shift: 0 students
2026-04-21 10:26:22,811 [INFO] Mock GPS | DEPARTED 'Ahir Chowk'
2026-04-21 10:26:23,684 [INFO] DEPARTED 'Ahir Chowk' | dist=161m
2026-04-21 10:26:28,812 [INFO] Mock GPS | approaching 'Airport Fatak' (2/412)
2026-04-21 10:26:35,695 [INFO] ARRIVED | bus=115 stop='Airport Fatak' dist=67m | detection in 20s
2026-04-21 10:26:45,706 [INFO]   At 'Airport Fatak' — detection in 10s
2026-04-21 10:26:52,830 [INFO] Mock GPS | ARRIVED at 'Airport Fatak' | dwelling 120s
2026-04-21 10:26:55,719 [INFO] CAPTURING 4 samples at 'Airport Fatak'
2026-04-21 10:26:56,366 [INFO] Best: index=3 score=0.1538 | 1280x720
2026-04-21 10:26:57,663 [INFO] Server OK | bus=115 faces=1 granted=0 unpaid=1 invalid=0 not_uni=0
2026-04-21 10:26:57,666 [INFO] DONE | bus=115 stop='Airport Fatak' faces=1 granted=0 unpaid=1
2026-04-21 10:26:57,666 [INFO] Validated this shift: 1 students
2026-04-21 10:28:52,860 [INFO] Mock GPS | DEPARTED 'Airport Fatak'
2026-04-21 10:28:53,783 [INFO] DEPARTED 'Airport Fatak' | dist=303m
2026-04-21 10:28:58,861 [INFO] Mock GPS | approaching 'Aji Dam' (3/412)
2026-04-21 10:29:11,803 [INFO] ARRIVED | bus=115 stop='Aji Dam' dist=73m | detection in 20s
2026-04-21 10:29:17,810 [INFO]   At 'Aji Dam' — detection in 14s
2026-04-21 10:29:22,864 [INFO] Mock GPS | ARRIVED at 'Aji Dam' | dwelling 120s
2026-04-21 10:29:27,820 [INFO]   At 'Aji Dam' — detection in 4s
2026-04-21 10:29:31,824 [INFO] CAPTURING 4 samples at 'Aji Dam'
2026-04-21 10:29:32,503 [INFO] Best: index=0 score=0.1437 | 1280x720
2026-04-21 10:29:34,102 [INFO] Server OK | bus=115 faces=3 granted=1 unpaid=0 invalid=0 not_uni=0
2026-04-21 10:29:34,105 [INFO] DONE | bus=115 stop='Aji Dam' faces=3 granted=1 unpaid=0
2026-04-21 10:29:34,106 [INFO] Validated this shift: 2 students
2026-04-21 10:31:22,892 [INFO] Mock GPS | DEPARTED 'Aji Dam'
2026-04-21 10:31:23,210 [INFO] DEPARTED 'Aji Dam' | dist=303m
2026-04-21 10:31:28,892 [INFO] Mock GPS | approaching 'Alap Avenue' (4/412)
2026-04-21 10:31:47,233 [INFO] ARRIVED | bus=115 stop='Alap Avenue' dist=65m | detection in 20s
2026-04-21 10:31:50,237 [INFO]   At 'Alap Avenue' — detection in 17s
2026-04-21 10:31:52,905 [INFO] Mock GPS | ARRIVED at 'Alap Avenue' | dwelling 120s
2026-04-21 10:32:00,248 [INFO]   At 'Alap Avenue' — detection in 7s
2026-04-21 10:32:07,253 [INFO] CAPTURING 4 samples at 'Alap Avenue'
2026-04-21 10:32:07,926 [INFO] Best: index=2 score=0.2197 | 1280x720
2026-04-21 10:32:09,296 [INFO] Server OK | bus=115 faces=1 granted=0 unpaid=0 invalid=0 not_uni=0
2026-04-21 10:32:09,300 [INFO] DONE | bus=115 stop='Alap Avenue' faces=1 granted=0 unpaid=0
2026-04-21 10:32:09,300 [INFO] Validated this shift: 2 students
2026-04-21 10:33:52,931 [INFO] Mock GPS | DEPARTED 'Alap Avenue'
2026-04-21 10:33:53,410 [INFO] DEPARTED 'Alap Avenue' | dist=169m
2026-04-21 10:33:58,932 [INFO] Mock GPS | approaching 'Alap Green City' (5/412)
2026-04-21 10:33:59,417 [INFO] ARRIVED | bus=115 stop='Alap Green City' dist=72m | detection in 20s
2026-04-21 10:34:02,420 [INFO]   At 'Alap Green City' — detection in 17s
2026-04-21 10:34:12,430 [INFO]   At 'Alap Green City' — detection in 7s
2026-04-21 10:34:19,437 [INFO] CAPTURING 4 samples at 'Alap Green City'
2026-04-21 10:34:20,097 [INFO] Best: index=0 score=0.2696 | 1280x720
2026-04-21 10:34:21,205 [INFO] Server OK | bus=115 faces=0 granted=0 unpaid=0 invalid=0 not_uni=0
2026-04-21 10:34:21,208 [INFO] DONE | bus=115 stop='Alap Green City' faces=0 granted=0 unpaid=0
2026-04-21 10:34:21,208 [INFO] Validated this shift: 2 students
2026-04-21 10:34:22,935 [INFO] Mock GPS | ARRIVED at 'Alap Green City' | dwelling 120s
2026-04-21 10:36:22,967 [INFO] Mock GPS | DEPARTED 'Alap Green City'
2026-04-21 10:36:23,328 [INFO] DEPARTED 'Alap Green City' | dist=303m
2026-04-21 10:36:28,968 [INFO] Mock GPS | approaching 'Alap Heritage' (6/412)
2026-04-21 10:36:41,346 [INFO] ARRIVED | bus=115 stop='Alap Heritage' dist=63m | detection in 20s
2026-04-21 10:36:44,350 [INFO]   At 'Alap Heritage' — detection in 17s
2026-04-21 10:36:52,971 [INFO] Mock GPS | ARRIVED at 'Alap Heritage' | dwelling 120s
2026-04-21 10:36:54,359 [INFO]   At 'Alap Heritage' — detection in 7s
2026-04-21 10:37:01,366 [INFO] CAPTURING 4 samples at 'Alap Heritage'
2026-04-21 10:37:02,067 [INFO] Best: index=3 score=0.2736 | 1280x720
2026-04-21 10:37:04,744 [INFO] Server OK | bus=115 faces=4 granted=1 unpaid=0 invalid=1 not_uni=2
2026-04-21 10:37:04,746 [INFO] DONE | bus=115 stop='Alap Heritage' faces=4 granted=1 unpaid=0
2026-04-21 10:37:04,747 [INFO] Validated this shift: 4 students
2026-04-21 10:38:52,997 [INFO] Mock GPS | DEPARTED 'Alap Heritage'
2026-04-21 10:38:53,882 [INFO] DEPARTED 'Alap Heritage' | dist=290m
2026-04-21 10:38:58,998 [INFO] Mock GPS | approaching 'Ambaji Kadva Chowk' (7/412)
2026-04-21 10:39:05,898 [INFO] ARRIVED | bus=115 stop='Ambaji Kadva Chowk' dist=77m | detection in 20s
2026-04-21 10:39:07,902 [INFO]   At 'Ambaji Kadva Chowk' — detection in 18s
2026-04-21 10:39:17,913 [INFO]   At 'Ambaji Kadva Chowk' — detection in 8s
2026-04-21 10:39:23,001 [INFO] Mock GPS | ARRIVED at 'Ambaji Kadva Chowk' | dwelling 120s
2026-04-21 10:39:25,923 [INFO] CAPTURING 4 samples at 'Ambaji Kadva Chowk'
2026-04-21 10:39:26,587 [INFO] Best: index=2 score=0.0639 | 1280x720
2026-04-21 10:39:28,511 [INFO] Server OK | bus=115 faces=2 granted=1 unpaid=0 invalid=0 not_uni=1
2026-04-21 10:39:28,513 [INFO] DONE | bus=115 stop='Ambaji Kadva Chowk' faces=2 granted=1 unpaid=0
2026-04-21 10:39:28,514 [INFO] Validated this shift: 5 students
2026-04-21 10:41:23,027 [INFO] Mock GPS | DEPARTED 'Ambaji Kadva Chowk'
2026-04-21 10:41:23,633 [INFO] DEPARTED 'Ambaji Kadva Chowk' | dist=303m
2026-04-21 10:41:29,028 [INFO] Mock GPS | approaching 'Ambedkar Nagar Chowk' (8/412)
2026-04-21 10:41:32,643 [INFO] ARRIVED | bus=115 stop='Ambedkar Nagar Chowk' dist=79m | detection in 20s
2026-04-21 10:41:40,649 [INFO]   At 'Ambedkar Nagar Chowk' — detection in 12s
2026-04-21 10:41:50,670 [INFO]   At 'Ambedkar Nagar Chowk' — detection in 2s
2026-04-21 10:41:52,671 [INFO] CAPTURING 4 samples at 'Ambedkar Nagar Chowk'
2026-04-21 10:41:53,031 [INFO] Mock GPS | ARRIVED at 'Ambedkar Nagar Chowk' | dwelling 120s
2026-04-21 10:41:53,319 [INFO] Best: index=0 score=0.1013 | 1280x720
2026-04-21 10:41:54,468 [INFO] Server OK | bus=115 faces=0 granted=0 unpaid=0 invalid=0 not_uni=0
2026-04-21 10:41:54,471 [INFO] DONE | bus=115 stop='Ambedkar Nagar Chowk' faces=0 granted=0 unpaid=0
2026-04-21 10:41:54,471 [INFO] Validated this shift: 5 students
2026-04-21 10:43:53,059 [INFO] Mock GPS | DEPARTED 'Ambedkar Nagar Chowk'
2026-04-21 10:43:53,593 [INFO] DEPARTED 'Ambedkar Nagar Chowk' | dist=303m
2026-04-21 10:43:59,059 [INFO] Mock GPS | approaching 'Ambedkar Nagar Gate' (9/412)
2026-04-21 10:44:23,064 [INFO] Mock GPS | ARRIVED at 'Ambedkar Nagar Gate' | dwelling 120s
2026-04-21 14:17:22,544 [INFO] ==============================================================
2026-04-21 14:17:22,544 [INFO]   TransBuddy Laptop Client  v12.1.0 — Marwadi University
2026-04-21 14:17:22,545 [INFO]   Bus ID         : 115
2026-04-21 14:17:22,545 [INFO]   Server         : https://dissuasive-osseous-ethelyn.ngrok-free.dev
2026-04-21 14:17:22,545 [INFO]   GPS mode       : mock
2026-04-21 14:17:22,545 [INFO]   Camera index   : 1
2026-04-21 14:17:22,545 [INFO]   Preview window : OFF
2026-04-21 14:17:22,545 [INFO]   Streaming      : ON
2026-04-21 14:17:22,545 [INFO]   Capture delay  : 20s
2026-04-21 14:17:22,545 [INFO]   Offline queue  : offline_queue/
2026-04-21 14:17:22,546 [INFO] ==============================================================
2026-04-21 14:17:22,546 [INFO] Fetching bus stops from server...
2026-04-21 14:17:24,195 [INFO] Loaded 412 stops from server
2026-04-21 14:17:24,196 [INFO] Loaded 412 stops.
2026-04-21 14:17:24,562 [INFO] Bus registered | bus_no=? type=? driver=?
2026-04-21 14:17:24,564 [INFO] Mock GPS started | 412 stops | dwell=120s per stop
2026-04-21 14:17:24,564 [INFO] Mock GPS started — simulating bus driving through stops automatically
2026-04-21 14:17:26,566 [INFO] Mock GPS | approaching 'Ahir Chowk' (1/412)
2026-04-21 14:17:26,566 [INFO] Opening camera 1...
2026-04-21 14:17:27,938 [INFO] Camera 1 opened — warming up (5 frames)...
2026-04-21 14:17:28,941 [INFO] Camera ready | 1280x720
2026-04-21 14:17:29,442 [INFO] Stream thread started
2026-04-21 14:17:29,442 [INFO] Offline retry thread started
2026-04-21 14:17:30,412 [INFO] Validated today (evening slot): 0 GRs
2026-04-21 14:17:30,412 [INFO] Tracking started. Waiting for bus to approach a stop...
2026-04-21 14:17:31,414 [INFO] ARRIVED | bus=115 stop='Ahir Chowk' dist=57m | detection in 20s
2026-04-21 14:17:40,423 [INFO]   At 'Ahir Chowk' — detection in 11s
2026-04-21 14:17:50,433 [INFO]   At 'Ahir Chowk' — detection in 1s
2026-04-21 14:17:50,570 [INFO] Mock GPS | ARRIVED at 'Ahir Chowk' | dwelling 120s
2026-04-21 14:17:51,435 [INFO] CAPTURING 4 samples at 'Ahir Chowk'
2026-04-21 14:17:52,102 [INFO] Best: index=0 score=0.0269 | 1280x720
2026-04-21 14:17:56,303 [INFO] Server OK | bus=115 faces=0 granted=0 unpaid=0 invalid=0 not_uni=0
2026-04-21 14:17:56,306 [INFO] DONE | bus=115 stop='Ahir Chowk' faces=0 granted=0 unpaid=0
2026-04-21 14:17:56,307 [INFO] Validated this shift: 0 students
2026-04-21 14:19:50,595 [INFO] Mock GPS | DEPARTED 'Ahir Chowk'
2026-04-21 14:19:51,424 [INFO] DEPARTED 'Ahir Chowk' | dist=161m
2026-04-21 14:19:56,597 [INFO] Mock GPS | approaching 'Airport Fatak' (2/412)
2026-04-21 14:20:03,436 [INFO] ARRIVED | bus=115 stop='Airport Fatak' dist=67m | detection in 20s
2026-04-21 14:20:05,443 [INFO]   At 'Airport Fatak' — detection in 18s
2026-04-21 14:20:15,455 [INFO]   At 'Airport Fatak' — detection in 8s
2026-04-21 14:20:20,601 [INFO] Mock GPS | ARRIVED at 'Airport Fatak' | dwelling 120s
2026-04-21 14:20:23,463 [INFO] CAPTURING 4 samples at 'Airport Fatak'
2026-04-21 14:20:24,159 [INFO] Best: index=0 score=0.1894 | 1280x720
2026-04-21 14:20:27,061 [INFO] Server OK | bus=115 faces=1 granted=0 unpaid=1 invalid=0 not_uni=0
2026-04-21 14:20:27,064 [INFO] DONE | bus=115 stop='Airport Fatak' faces=1 granted=0 unpaid=1
2026-04-21 14:20:27,064 [INFO] Validated this shift: 1 students
2026-04-21 14:22:20,629 [INFO] Mock GPS | DEPARTED 'Airport Fatak'
2026-04-21 14:22:21,178 [INFO] DEPARTED 'Airport Fatak' | dist=303m
2026-04-21 14:22:26,629 [INFO] Mock GPS | approaching 'Aji Dam' (3/412)
2026-04-21 14:22:39,193 [INFO] ARRIVED | bus=115 stop='Aji Dam' dist=73m | detection in 20s
2026-04-21 14:22:49,204 [INFO]   At 'Aji Dam' — detection in 10s
2026-04-21 14:22:50,634 [INFO] Mock GPS | ARRIVED at 'Aji Dam' | dwelling 120s
2026-04-21 14:22:59,213 [INFO] CAPTURING 4 samples at 'Aji Dam'
2026-04-21 14:22:59,865 [INFO] Best: index=1 score=0.1836 | 1280x720
2026-04-21 14:23:01,265 [INFO] Server OK | bus=115 faces=1 granted=1 unpaid=0 invalid=0 not_uni=0
2026-04-21 14:23:01,267 [INFO] DONE | bus=115 stop='Aji Dam' faces=1 granted=1 unpaid=0
2026-04-21 14:23:01,267 [INFO] Validated this shift: 2 students
2026-04-21 14:24:50,663 [INFO] Mock GPS | DEPARTED 'Aji Dam'
2026-04-21 14:24:51,376 [INFO] DEPARTED 'Aji Dam' | dist=303m
2026-04-21 14:24:56,663 [INFO] Mock GPS | approaching 'Alap Avenue' (4/412)
2026-04-21 14:25:15,412 [INFO] ARRIVED | bus=115 stop='Alap Avenue' dist=65m | detection in 20s
2026-04-21 14:25:20,667 [INFO] Mock GPS | ARRIVED at 'Alap Avenue' | dwelling 120s
2026-04-21 14:25:21,419 [INFO]   At 'Alap Avenue' — detection in 14s
2026-04-21 14:25:31,431 [INFO]   At 'Alap Avenue' — detection in 4s
2026-04-21 14:25:35,456 [INFO] CAPTURING 4 samples at 'Alap Avenue'
2026-04-21 14:25:36,121 [INFO] Best: index=0 score=0.2086 | 1280x720
2026-04-21 14:25:38,416 [INFO] Server OK | bus=115 faces=1 granted=0 unpaid=0 invalid=0 not_uni=0
2026-04-21 14:25:38,420 [INFO] DONE | bus=115 stop='Alap Avenue' faces=1 granted=0 unpaid=0
2026-04-21 14:25:38,423 [INFO] Validated this shift: 2 students
2026-04-21 14:27:20,694 [INFO] Mock GPS | DEPARTED 'Alap Avenue'
2026-04-21 14:27:21,572 [INFO] DEPARTED 'Alap Avenue' | dist=169m
2026-04-21 14:27:26,694 [INFO] Mock GPS | approaching 'Alap Green City' (5/412)
2026-04-21 14:27:27,581 [INFO] ARRIVED | bus=115 stop='Alap Green City' dist=72m | detection in 20s
2026-04-21 14:27:34,620 [INFO]   At 'Alap Green City' — detection in 13s
2026-04-21 14:27:44,633 [INFO]   At 'Alap Green City' — detection in 3s
2026-04-21 14:27:47,638 [INFO] CAPTURING 4 samples at 'Alap Green City'
2026-04-21 14:27:48,349 [INFO] Best: index=0 score=0.2182 | 1280x720
2026-04-21 14:27:50,528 [INFO] Server OK | bus=115 faces=1 granted=0 unpaid=0 invalid=0 not_uni=0
2026-04-21 14:27:50,532 [INFO] DONE | bus=115 stop='Alap Green City' faces=1 granted=0 unpaid=0
2026-04-21 14:27:50,533 [INFO] Validated this shift: 2 students
2026-04-21 14:27:50,699 [INFO] Mock GPS | ARRIVED at 'Alap Green City' | dwelling 120s
2026-04-21 14:29:50,730 [INFO] Mock GPS | DEPARTED 'Alap Green City'
2026-04-21 14:29:51,661 [INFO] DEPARTED 'Alap Green City' | dist=303m
2026-04-21 14:29:56,731 [INFO] Mock GPS | approaching 'Alap Heritage' (6/412)
2026-04-21 14:30:09,679 [INFO] ARRIVED | bus=115 stop='Alap Heritage' dist=63m | detection in 20s
2026-04-21 14:30:17,685 [INFO]   At 'Alap Heritage' — detection in 12s
2026-04-21 14:30:20,734 [INFO] Mock GPS | ARRIVED at 'Alap Heritage' | dwelling 120s
2026-04-21 14:30:27,696 [INFO]   At 'Alap Heritage' — detection in 2s
2026-04-21 14:30:29,699 [INFO] CAPTURING 4 samples at 'Alap Heritage'
2026-04-21 14:30:30,340 [INFO] Best: index=0 score=0.1566 | 1280x720
2026-04-21 14:30:42,981 [INFO] Server OK | bus=115 faces=1 granted=0 unpaid=0 invalid=0 not_uni=0
2026-04-21 14:30:42,985 [INFO] DONE | bus=115 stop='Alap Heritage' faces=1 granted=0 unpaid=0
2026-04-21 14:30:42,986 [INFO] Validated this shift: 2 students
2026-04-21 14:32:20,757 [INFO] Mock GPS | DEPARTED 'Alap Heritage'
2026-04-21 14:32:21,092 [INFO] DEPARTED 'Alap Heritage' | dist=290m
2026-04-21 14:32:26,758 [INFO] Mock GPS | approaching 'Ambaji Kadva Chowk' (7/412)
2026-04-21 14:32:33,106 [INFO] ARRIVED | bus=115 stop='Ambaji Kadva Chowk' dist=77m | detection in 20s
2026-04-21 14:32:41,113 [INFO]   At 'Ambaji Kadva Chowk' — detection in 12s
2026-04-21 14:32:50,762 [INFO] Mock GPS | ARRIVED at 'Ambaji Kadva Chowk' | dwelling 120s
2026-04-21 14:32:51,124 [INFO]   At 'Ambaji Kadva Chowk' — detection in 2s
2026-04-21 14:32:53,128 [INFO] CAPTURING 4 samples at 'Ambaji Kadva Chowk'
2026-04-21 14:32:53,805 [INFO] Best: index=0 score=0.1620 | 1280x720
2026-04-21 14:32:56,010 [INFO] Server OK | bus=115 faces=1 granted=0 unpaid=0 invalid=0 not_uni=0
2026-04-21 14:32:56,013 [INFO] DONE | bus=115 stop='Ambaji Kadva Chowk' faces=1 granted=0 unpaid=0
2026-04-21 14:32:56,013 [INFO] Validated this shift: 2 students
2026-04-21 14:34:50,787 [INFO] Mock GPS | DEPARTED 'Ambaji Kadva Chowk'
2026-04-21 14:34:51,142 [INFO] DEPARTED 'Ambaji Kadva Chowk' | dist=303m
2026-04-21 14:34:56,787 [INFO] Mock GPS | approaching 'Ambedkar Nagar Chowk' (8/412)
2026-04-21 14:35:00,150 [INFO] ARRIVED | bus=115 stop='Ambedkar Nagar Chowk' dist=79m | detection in 20s
2026-04-21 14:35:04,154 [INFO]   At 'Ambedkar Nagar Chowk' — detection in 16s
2026-04-21 17:42:22,844 [INFO] ==============================================================
2026-04-21 17:42:22,844 [INFO]   TransBuddy Laptop Client  v12.1.0 — Marwadi University
2026-04-21 17:42:22,845 [INFO]   Bus ID         : 115
2026-04-21 17:42:22,845 [INFO]   Server         : https://dissuasive-osseous-ethelyn.ngrok-free.dev
2026-04-21 17:42:22,845 [INFO]   GPS mode       : mock
2026-04-21 17:42:22,845 [INFO]   Camera index   : 1
2026-04-21 17:42:22,845 [INFO]   Preview window : OFF
2026-04-21 17:42:22,845 [INFO]   Streaming      : ON
2026-04-21 17:42:22,846 [INFO]   Capture delay  : 20s
2026-04-21 17:42:22,846 [INFO]   Offline queue  : offline_queue/
2026-04-21 17:42:22,846 [INFO] ==============================================================
2026-04-21 17:42:22,846 [INFO] Fetching bus stops from server...
2026-04-21 17:42:23,253 [WARNING] Load stops attempt 1/5: 502 Server Error: Bad Gateway for url: https://dissuasive-osseous-ethelyn.ngrok-free.dev/pickup_points
2026-04-21 17:42:26,491 [WARNING] Load stops attempt 2/5: 502 Server Error: Bad Gateway for url: https://dissuasive-osseous-ethelyn.ngrok-free.dev/pickup_points
2026-04-21 17:42:29,800 [WARNING] Load stops attempt 3/5: 502 Server Error: Bad Gateway for url: https://dissuasive-osseous-ethelyn.ngrok-free.dev/pickup_points
2026-04-21 17:42:33,103 [WARNING] Load stops attempt 4/5: 502 Server Error: Bad Gateway for url: https://dissuasive-osseous-ethelyn.ngrok-free.dev/pickup_points
2026-04-21 17:43:13,808 [INFO] ==============================================================
2026-04-21 17:43:13,808 [INFO]   TransBuddy Laptop Client  v12.1.0 — Marwadi University
2026-04-21 17:43:13,808 [INFO]   Bus ID         : 115
2026-04-21 17:43:13,808 [INFO]   Server         : https://dissuasive-osseous-ethelyn.ngrok-free.dev
2026-04-21 17:43:13,809 [INFO]   GPS mode       : mock
2026-04-21 17:43:13,809 [INFO]   Camera index   : 1
2026-04-21 17:43:13,809 [INFO]   Preview window : OFF
2026-04-21 17:43:13,809 [INFO]   Streaming      : ON
2026-04-21 17:43:13,809 [INFO]   Capture delay  : 20s
2026-04-21 17:43:13,809 [INFO]   Offline queue  : offline_queue/
2026-04-21 17:43:13,809 [INFO] ==============================================================
2026-04-21 17:43:13,809 [INFO] Fetching bus stops from server...
2026-04-21 17:43:14,292 [INFO] Loaded 412 stops from server
2026-04-21 17:43:14,293 [INFO] Loaded 412 stops.
2026-04-21 17:43:14,538 [INFO] Bus registered | bus_no=? type=? driver=?
2026-04-21 17:43:14,540 [INFO] Mock GPS started | 412 stops | dwell=120s per stop
2026-04-21 17:43:14,540 [INFO] Mock GPS started — simulating bus driving through stops automatically
2026-04-21 17:43:16,542 [INFO] Opening camera 1...
2026-04-21 17:43:16,542 [INFO] Mock GPS | approaching 'Ahir Chowk' (1/412)
2026-04-21 17:43:17,708 [INFO] Camera 1 opened — warming up (5 frames)...
2026-04-21 17:43:18,711 [INFO] Camera ready | 1280x720
2026-04-21 17:43:19,213 [INFO] Stream thread started
2026-04-21 17:43:19,213 [INFO] Offline retry thread started
2026-04-21 17:43:19,490 [INFO] Validated today (evening slot): 0 GRs
2026-04-21 17:43:19,491 [INFO] Tracking started. Waiting for bus to approach a stop...
2026-04-21 17:43:20,493 [INFO] ARRIVED | bus=115 stop='Ahir Chowk' dist=57m | detection in 20s
2026-04-21 17:43:29,501 [INFO]   At 'Ahir Chowk' — detection in 11s
2026-04-21 17:43:39,510 [INFO]   At 'Ahir Chowk' — detection in 1s
2026-04-21 17:43:40,511 [INFO] CAPTURING 4 samples at 'Ahir Chowk'
2026-04-21 17:43:40,546 [INFO] Mock GPS | ARRIVED at 'Ahir Chowk' | dwelling 120s
2026-04-21 17:43:41,175 [INFO] Best: index=3 score=0.0467 | 1280x720
2026-04-21 17:43:41,906 [INFO] Server OK | bus=115 faces=0 granted=0 unpaid=0 invalid=0 not_uni=0
2026-04-21 17:43:41,909 [INFO] DONE | bus=115 stop='Ahir Chowk' faces=0 granted=0 unpaid=0
2026-04-21 17:43:41,910 [INFO] Validated this shift: 0 students
2026-04-21 17:45:40,573 [INFO] Mock GPS | DEPARTED 'Ahir Chowk'
2026-04-21 17:45:41,048 [INFO] DEPARTED 'Ahir Chowk' | dist=161m
2026-04-21 17:45:46,574 [INFO] Mock GPS | approaching 'Airport Fatak' (2/412)
2026-04-21 17:45:53,061 [INFO] ARRIVED | bus=115 stop='Airport Fatak' dist=67m | detection in 20s
2026-04-21 17:46:01,070 [INFO]   At 'Airport Fatak' — detection in 12s
2026-04-21 17:46:10,578 [INFO] Mock GPS | ARRIVED at 'Airport Fatak' | dwelling 120s
2026-04-21 17:46:11,083 [INFO]   At 'Airport Fatak' — detection in 2s
2026-04-21 17:46:13,088 [INFO] CAPTURING 4 samples at 'Airport Fatak'
2026-04-21 17:46:13,756 [INFO] Best: index=3 score=0.1659 | 1280x720
2026-04-21 17:46:14,392 [INFO] Server OK | bus=115 faces=0 granted=0 unpaid=0 invalid=0 not_uni=0
2026-04-21 17:46:14,394 [INFO] DONE | bus=115 stop='Airport Fatak' faces=0 granted=0 unpaid=0
2026-04-21 17:46:14,395 [INFO] Validated this shift: 0 students
2026-04-21 17:48:10,609 [INFO] Mock GPS | DEPARTED 'Airport Fatak'
2026-04-21 17:48:11,535 [INFO] DEPARTED 'Airport Fatak' | dist=303m
2026-04-21 17:48:16,610 [INFO] Mock GPS | approaching 'Aji Dam' (3/412)
2026-04-21 17:48:29,572 [INFO] ARRIVED | bus=115 stop='Aji Dam' dist=73m | detection in 20s
2026-04-21 17:48:32,579 [INFO]   At 'Aji Dam' — detection in 17s
2026-04-21 17:48:40,614 [INFO] Mock GPS | ARRIVED at 'Aji Dam' | dwelling 120s
2026-04-21 17:48:42,591 [INFO]   At 'Aji Dam' — detection in 7s
2026-04-21 17:48:49,599 [INFO] CAPTURING 4 samples at 'Aji Dam'
2026-04-21 17:48:50,266 [INFO] Best: index=0 score=0.2452 | 1280x720
2026-04-21 17:48:51,472 [INFO] Server OK | bus=115 faces=1 granted=0 unpaid=1 invalid=0 not_uni=0
2026-04-21 17:48:51,475 [INFO] DONE | bus=115 stop='Aji Dam' faces=1 granted=0 unpaid=1
2026-04-21 17:48:51,479 [INFO] Validated this shift: 1 students
2026-04-21 17:50:40,646 [INFO] Mock GPS | DEPARTED 'Aji Dam'
2026-04-21 17:50:41,616 [INFO] DEPARTED 'Aji Dam' | dist=303m
2026-04-21 17:50:46,646 [INFO] Mock GPS | approaching 'Alap Avenue' (4/412)
2026-04-21 17:51:05,647 [INFO] ARRIVED | bus=115 stop='Alap Avenue' dist=65m | detection in 20s
2026-04-21 17:51:10,651 [INFO] Mock GPS | ARRIVED at 'Alap Avenue' | dwelling 120s
2026-04-21 17:51:14,658 [INFO]   At 'Alap Avenue' — detection in 11s
2026-04-21 17:51:24,675 [INFO]   At 'Alap Avenue' — detection in 1s
2026-04-21 17:51:25,677 [INFO] CAPTURING 4 samples at 'Alap Avenue'
2026-04-21 17:51:26,353 [INFO] Best: index=3 score=0.0859 | 1280x720
2026-04-21 17:51:26,956 [INFO] Server OK | bus=115 faces=0 granted=0 unpaid=0 invalid=0 not_uni=0
2026-04-21 17:51:26,960 [INFO] DONE | bus=115 stop='Alap Avenue' faces=0 granted=0 unpaid=0
2026-04-21 17:51:26,961 [INFO] Validated this shift: 1 students
2026-04-21 17:53:10,678 [INFO] Mock GPS | DEPARTED 'Alap Avenue'
2026-04-21 17:53:11,085 [INFO] DEPARTED 'Alap Avenue' | dist=169m
2026-04-21 17:53:16,679 [INFO] Mock GPS | approaching 'Alap Green City' (5/412)
2026-04-21 17:53:17,098 [INFO] ARRIVED | bus=115 stop='Alap Green City' dist=72m | detection in 20s
2026-04-21 17:53:26,111 [INFO]   At 'Alap Green City' — detection in 11s
2026-04-21 17:53:36,124 [INFO]   At 'Alap Green City' — detection in 1s
2026-04-21 17:53:37,125 [INFO] CAPTURING 4 samples at 'Alap Green City'
2026-04-21 17:53:37,795 [INFO] Best: index=3 score=0.0821 | 1280x720
2026-04-21 17:53:38,491 [INFO] Server OK | bus=115 faces=0 granted=0 unpaid=0 invalid=0 not_uni=0
2026-04-21 17:53:38,494 [INFO] DONE | bus=115 stop='Alap Green City' faces=0 granted=0 unpaid=0
2026-04-21 17:53:38,495 [INFO] Validated this shift: 1 students
2026-04-21 17:53:40,683 [INFO] Mock GPS | ARRIVED at 'Alap Green City' | dwelling 120s
2026-04-21 17:55:40,711 [INFO] Mock GPS | DEPARTED 'Alap Green City'
2026-04-21 17:55:41,635 [INFO] DEPARTED 'Alap Green City' | dist=303m
2026-04-21 17:55:46,711 [INFO] Mock GPS | approaching 'Alap Heritage' (6/412)
2026-04-21 17:55:59,672 [INFO] ARRIVED | bus=115 stop='Alap Heritage' dist=63m | detection in 20s
2026-04-21 17:56:07,683 [INFO]   At 'Alap Heritage' — detection in 12s
2026-04-21 17:56:10,715 [INFO] Mock GPS | ARRIVED at 'Alap Heritage' | dwelling 120s
2026-04-21 17:56:17,695 [INFO]   At 'Alap Heritage' — detection in 2s
2026-04-21 17:56:19,697 [INFO] CAPTURING 4 samples at 'Alap Heritage'
2026-04-21 17:56:20,369 [INFO] Best: index=2 score=0.0854 | 1280x720
2026-04-21 17:56:21,127 [INFO] Server OK | bus=115 faces=0 granted=0 unpaid=0 invalid=0 not_uni=0
2026-04-21 17:56:21,129 [INFO] DONE | bus=115 stop='Alap Heritage' faces=0 granted=0 unpaid=0
2026-04-21 17:56:21,130 [INFO] Validated this shift: 1 students
2026-04-21 17:58:10,740 [INFO] Mock GPS | DEPARTED 'Alap Heritage'
2026-04-21 17:58:11,265 [INFO] DEPARTED 'Alap Heritage' | dist=290m
2026-04-21 17:58:16,740 [INFO] Mock GPS | approaching 'Ambaji Kadva Chowk' (7/412)
2026-04-21 17:58:23,278 [INFO] ARRIVED | bus=115 stop='Ambaji Kadva Chowk' dist=77m | detection in 20s
2026-04-21 17:58:29,285 [INFO]   At 'Ambaji Kadva Chowk' — detection in 14s
2026-04-21 17:58:39,295 [INFO]   At 'Ambaji Kadva Chowk' — detection in 4s
2026-04-21 17:58:40,743 [INFO] Mock GPS | ARRIVED at 'Ambaji Kadva Chowk' | dwelling 120s
2026-04-21 17:58:43,299 [INFO] CAPTURING 4 samples at 'Ambaji Kadva Chowk'
2026-04-21 17:58:43,958 [INFO] Best: index=0 score=0.0816 | 1280x720
2026-04-21 17:58:44,499 [INFO] Server OK | bus=115 faces=0 granted=0 unpaid=0 invalid=0 not_uni=0
2026-04-21 17:58:44,502 [INFO] DONE | bus=115 stop='Ambaji Kadva Chowk' faces=0 granted=0 unpaid=0
2026-04-21 17:58:44,502 [INFO] Validated this shift: 1 students
2026-04-21 18:00:40,763 [INFO] Mock GPS | DEPARTED 'Ambaji Kadva Chowk'
2026-04-21 18:00:41,616 [INFO] DEPARTED 'Ambaji Kadva Chowk' | dist=303m
2026-04-21 18:00:46,764 [INFO] Mock GPS | approaching 'Ambedkar Nagar Chowk' (8/412)
2026-04-21 18:00:50,624 [INFO] ARRIVED | bus=115 stop='Ambedkar Nagar Chowk' dist=79m | detection in 20s
2026-04-21 18:01:00,633 [INFO]   At 'Ambedkar Nagar Chowk' — detection in 10s
2026-04-21 18:01:10,641 [INFO] CAPTURING 4 samples at 'Ambedkar Nagar Chowk'
2026-04-21 18:01:10,766 [INFO] Mock GPS | ARRIVED at 'Ambedkar Nagar Chowk' | dwelling 120s
2026-04-21 18:01:11,300 [INFO] Best: index=0 score=0.1503 | 1280x720
2026-04-21 18:01:12,060 [INFO] Server OK | bus=115 faces=0 granted=0 unpaid=0 invalid=0 not_uni=0
2026-04-21 18:01:12,065 [INFO] DONE | bus=115 stop='Ambedkar Nagar Chowk' faces=0 granted=0 unpaid=0
2026-04-21 18:01:12,065 [INFO] Validated this shift: 1 students
2026-04-21 18:03:10,787 [INFO] Mock GPS | DEPARTED 'Ambedkar Nagar Chowk'
2026-04-21 18:03:11,174 [INFO] DEPARTED 'Ambedkar Nagar Chowk' | dist=303m
2026-04-21 18:03:16,788 [INFO] Mock GPS | approaching 'Ambedkar Nagar Gate' (9/412)
2026-04-21 18:03:40,791 [INFO] Mock GPS | ARRIVED at 'Ambedkar Nagar Gate' | dwelling 120s
2026-04-22 08:10:52,504 [INFO] ARRIVED | bus=115 stop='Ambedkar Nagar Chowk' dist=2m | detection in 20s
2026-04-22 08:10:54,146 [INFO] Mock GPS | DEPARTED 'Ambedkar Nagar Gate'
2026-04-22 08:10:54,631 [INFO] DEPARTED 'Ambedkar Nagar Chowk' | dist=303m
2026-04-22 08:11:00,234 [INFO] Mock GPS | approaching 'Amrapali Bridge' (10/412)
2026-04-22 08:11:12,988 [INFO] ARRIVED | bus=115 stop='Amrapali Fatak' dist=53m | detection in 20s
2026-04-22 08:11:22,186 [INFO]   At 'Amrapali Fatak' — detection in 11s
2026-04-22 08:11:24,242 [INFO] Mock GPS | ARRIVED at 'Amrapali Bridge' | dwelling 120s
2026-04-22 08:11:32,298 [INFO]   At 'Amrapali Fatak' — detection in 1s
2026-04-22 08:11:33,299 [INFO] CAPTURING 4 samples at 'Amrapali Fatak'
2026-04-22 08:11:33,910 [INFO] Best: index=0 score=0.0000 | 1280x720
2026-04-22 08:11:33,931 [ERROR] Cannot reach server: https://dissuasive-osseous-ethelyn.ngrok-free.dev/upload
2026-04-22 08:11:33,932 [WARNING] Server unreachable — saving to offline queue
2026-04-22 08:11:33,947 [INFO] Offline queue | saved 20260422_081133_932107 | total=1
2026-04-22 08:11:33,947 [WARNING] Detection failed — saved to offline queue
2026-04-22 08:11:35,895 [INFO] Ctrl+C — shutting down...
2026-04-22 08:11:35,895 [INFO] Offline retry thread stopped
2026-04-22 08:11:35,895 [INFO] Stream thread stopped
2026-04-22 08:11:36,224 [INFO] Camera closed
2026-04-22 08:11:36,225 [INFO] Stopped.
2026-04-22 08:11:36,226 [INFO] Session — Granted:0 Unpaid:1 Invalid:0 Unknown:0
2026-05-03 11:02:34,910 [INFO] ==============================================================
2026-05-03 11:02:34,932 [INFO]   TransBuddy Laptop Client  v12.1.0 — Marwadi University
2026-05-03 11:02:34,939 [INFO]   Bus ID         : 115
2026-05-03 11:02:34,939 [INFO]   Server         : https://dissuasive-osseous-ethelyn.ngrok-free.dev
2026-05-03 11:02:34,940 [INFO]   GPS mode       : mock
2026-05-03 11:02:34,940 [INFO]   Camera index   : 1
2026-05-03 11:02:34,947 [INFO]   Preview window : OFF
2026-05-03 11:02:34,953 [INFO]   Streaming      : ON
2026-05-03 11:02:34,954 [INFO]   Capture delay  : 20s
2026-05-03 11:02:34,954 [INFO]   Offline queue  : offline_queue/
2026-05-03 11:02:34,954 [INFO] ==============================================================
2026-05-03 11:02:34,959 [INFO] Fetching bus stops from server...
2026-05-03 11:02:35,835 [INFO] Loaded 412 stops from server
2026-05-03 11:02:35,839 [INFO] Loaded 412 stops.
2026-05-03 11:02:36,131 [INFO] Bus registered | bus_no=? type=? driver=?
2026-05-03 11:02:36,133 [INFO] Mock GPS started | 412 stops | dwell=120s per stop
2026-05-03 11:02:36,133 [INFO] Mock GPS started — simulating bus driving through stops automatically
2026-05-03 11:02:38,134 [INFO] Opening camera 1...
2026-05-03 11:02:38,134 [INFO] Mock GPS | approaching 'Ahir Chowk' (1/412)
2026-05-03 11:02:38,172 [ERROR] Camera 1 failed. Try CAMERA_INDEX 0,1,2...
2026-05-03 11:02:38,174 [ERROR] Could not open camera 1. Try CAMERA_INDEX 0,1,2... or check no other app is using it.
2026-05-03 11:02:53,619 [INFO] ==============================================================
2026-05-03 11:02:53,619 [INFO]   TransBuddy Laptop Client  v12.1.0 — Marwadi University
2026-05-03 11:02:53,620 [INFO]   Bus ID         : 115
2026-05-03 11:02:53,620 [INFO]   Server         : https://dissuasive-osseous-ethelyn.ngrok-free.dev
2026-05-03 11:02:53,622 [INFO]   GPS mode       : mock
2026-05-03 11:02:53,623 [INFO]   Camera index   : 1
2026-05-03 11:02:53,623 [INFO]   Preview window : OFF
2026-05-03 11:02:53,623 [INFO]   Streaming      : ON
2026-05-03 11:02:53,623 [INFO]   Capture delay  : 20s
2026-05-03 11:02:53,624 [INFO]   Offline queue  : offline_queue/
2026-05-03 11:02:53,624 [INFO] ==============================================================
2026-05-03 11:02:53,624 [INFO] Fetching bus stops from server...
2026-05-03 11:02:54,072 [INFO] Loaded 412 stops from server
2026-05-03 11:02:54,078 [INFO] Loaded 412 stops.
2026-05-03 11:02:54,345 [INFO] Bus registered | bus_no=115 type=Large driver=MR. NAVGHNBHAI MAGHABHAI MIR
2026-05-03 11:02:54,347 [INFO] Mock GPS started | 412 stops | dwell=120s per stop
2026-05-03 11:02:54,347 [INFO] Mock GPS started — simulating bus driving through stops automatically
2026-05-03 11:02:56,348 [INFO] Opening camera 1...
2026-05-03 11:02:56,348 [INFO] Mock GPS | approaching 'Ahir Chowk' (1/412)
2026-05-03 11:02:57,714 [INFO] Camera 1 opened — warming up (5 frames)...
2026-05-03 11:02:58,703 [INFO] Camera ready | 1280x720
2026-05-03 11:02:59,207 [INFO] Stream thread started
2026-05-03 11:02:59,208 [INFO] Offline retry thread started
2026-05-03 11:02:59,412 [INFO] Validated today (morning slot): 0 GRs
2026-05-03 11:02:59,417 [INFO] Tracking started. Waiting for bus to approach a stop...
2026-05-03 11:02:59,465 [INFO] Offline queue | replaying 1 queued capture(s)...
2026-05-03 11:02:59,979 [INFO] Server OK | bus=115 faces=0 granted=0 unpaid=0 invalid=0 not_uni=0
2026-05-03 11:02:59,981 [INFO] Offline replay OK | 20260422_081133_932107.jpg
2026-05-03 11:02:59,981 [INFO] Offline retry | replayed 1 capture(s)
2026-05-03 11:03:00,417 [INFO] ARRIVED | bus=115 stop='Ahir Chowk' dist=57m | detection in 20s
2026-05-03 11:03:09,433 [INFO]   At 'Ahir Chowk' — detection in 11s
2026-05-03 11:03:19,446 [INFO]   At 'Ahir Chowk' — detection in 1s
2026-05-03 11:03:20,356 [INFO] Mock GPS | ARRIVED at 'Ahir Chowk' | dwelling 120s
2026-05-03 11:03:20,458 [INFO] CAPTURING 4 samples at 'Ahir Chowk'
2026-05-03 11:03:21,222 [INFO] Best: index=1 score=0.0365 | 1280x720
2026-05-03 11:03:22,638 [INFO] Server OK | bus=115 faces=1 granted=0 unpaid=0 invalid=0 not_uni=0
2026-05-03 11:03:22,650 [INFO] DONE | bus=115 stop='Ahir Chowk' faces=1 granted=0 unpaid=0
2026-05-03 11:03:22,655 [INFO] Validated this shift: 0 students
2026-05-03 11:05:20,443 [INFO] Mock GPS | DEPARTED 'Ahir Chowk'
2026-05-03 11:05:20,883 [INFO] DEPARTED 'Ahir Chowk' | dist=161m
2026-05-03 11:05:26,446 [INFO] Mock GPS | approaching 'Airport Fatak' (2/412)
2026-05-03 11:05:32,898 [INFO] ARRIVED | bus=115 stop='Airport Fatak' dist=67m | detection in 20s
2026-05-03 11:05:41,911 [INFO]   At 'Airport Fatak' — detection in 11s
2026-05-03 11:05:50,451 [INFO] Mock GPS | ARRIVED at 'Airport Fatak' | dwelling 120s
2026-05-03 11:05:51,921 [INFO]   At 'Airport Fatak' — detection in 1s
2026-05-03 11:05:52,924 [INFO] CAPTURING 4 samples at 'Airport Fatak'
2026-05-03 11:05:53,608 [INFO] Best: index=0 score=0.0444 | 1280x720
2026-05-03 11:05:57,071 [INFO] Server OK | bus=115 faces=1 granted=0 unpaid=0 invalid=0 not_uni=0
2026-05-03 11:05:57,073 [INFO] DONE | bus=115 stop='Airport Fatak' faces=1 granted=0 unpaid=0
2026-05-03 11:05:57,073 [INFO] Validated this shift: 0 students
2026-05-03 11:07:50,481 [INFO] Mock GPS | DEPARTED 'Airport Fatak'
2026-05-03 11:07:51,385 [INFO] DEPARTED 'Airport Fatak' | dist=303m
2026-05-03 11:07:56,484 [INFO] Mock GPS | approaching 'Aji Dam' (3/412)
2026-05-03 11:08:09,416 [INFO] ARRIVED | bus=115 stop='Aji Dam' dist=73m | detection in 20s
2026-05-03 11:08:16,429 [INFO]   At 'Aji Dam' — detection in 13s
2026-05-03 11:08:20,487 [INFO] Mock GPS | ARRIVED at 'Aji Dam' | dwelling 120s
2026-05-03 11:08:26,442 [INFO]   At 'Aji Dam' — detection in 3s
2026-05-03 11:08:29,445 [INFO] CAPTURING 4 samples at 'Aji Dam'
2026-05-03 11:08:30,125 [INFO] Best: index=3 score=0.0513 | 1280x720
2026-05-03 11:08:32,284 [INFO] Server OK | bus=115 faces=1 granted=0 unpaid=0 invalid=0 not_uni=0
2026-05-03 11:08:32,290 [INFO] DONE | bus=115 stop='Aji Dam' faces=1 granted=0 unpaid=0
2026-05-03 11:08:32,291 [INFO] Validated this shift: 0 students
2026-05-03 11:10:20,530 [INFO] Mock GPS | DEPARTED 'Aji Dam'
2026-05-03 11:10:21,481 [INFO] DEPARTED 'Aji Dam' | dist=303m
2026-05-03 11:10:26,531 [INFO] Mock GPS | approaching 'Alap Avenue' (4/412)
2026-05-03 11:10:45,509 [INFO] ARRIVED | bus=115 stop='Alap Avenue' dist=65m | detection in 20s
2026-05-03 11:10:49,514 [INFO]   At 'Alap Avenue' — detection in 16s
2026-05-03 11:10:50,534 [INFO] Mock GPS | ARRIVED at 'Alap Avenue' | dwelling 120s
2026-05-03 11:10:59,526 [INFO]   At 'Alap Avenue' — detection in 6s
2026-05-03 11:11:05,533 [INFO] CAPTURING 4 samples at 'Alap Avenue'
2026-05-03 11:11:06,211 [INFO] Best: index=0 score=0.0373 | 1280x720
2026-05-03 11:11:06,783 [ERROR] Send failed: 502 Server Error: Bad Gateway for url: https://dissuasive-osseous-ethelyn.ngrok-free.dev/upload
2026-05-03 11:11:06,785 [WARNING] Server unreachable — saving to offline queue
2026-05-03 11:11:06,804 [INFO] Offline queue | saved 20260503_111106_785056 | total=1
2026-05-03 11:11:06,805 [WARNING] Detection failed — saved to offline queue
2026-05-03 11:12:50,657 [INFO] Mock GPS | DEPARTED 'Alap Avenue'
2026-05-03 11:12:50,999 [INFO] DEPARTED 'Alap Avenue' | dist=169m
2026-05-03 11:12:56,659 [INFO] Mock GPS | approaching 'Alap Green City' (5/412)
2026-05-03 11:12:57,007 [INFO] ARRIVED | bus=115 stop='Alap Green City' dist=72m | detection in 20s
2026-05-03 11:13:01,014 [INFO]   At 'Alap Green City' — detection in 16s
2026-05-03 11:13:11,027 [INFO]   At 'Alap Green City' — detection in 6s
2026-05-03 11:13:17,039 [INFO] CAPTURING 4 samples at 'Alap Green City'
2026-05-03 11:13:17,763 [INFO] Best: index=3 score=0.0395 | 1280x720
2026-05-03 11:13:20,664 [INFO] Mock GPS | ARRIVED at 'Alap Green City' | dwelling 120s
2026-05-03 11:13:21,379 [ERROR] Send failed: 502 Server Error: Bad Gateway for url: https://dissuasive-osseous-ethelyn.ngrok-free.dev/upload
2026-05-03 11:13:21,381 [WARNING] Server unreachable — saving to offline queue
2026-05-03 11:13:21,407 [INFO] Offline queue | saved 20260503_111321_381032 | total=2
2026-05-03 11:13:21,408 [WARNING] Detection failed — saved to offline queue
2026-05-03 11:15:20,703 [INFO] Mock GPS | DEPARTED 'Alap Green City'
2026-05-03 11:15:21,587 [INFO] DEPARTED 'Alap Green City' | dist=303m
2026-05-03 11:15:26,704 [INFO] Mock GPS | approaching 'Alap Heritage' (6/412)
2026-05-03 11:15:39,606 [INFO] ARRIVED | bus=115 stop='Alap Heritage' dist=63m | detection in 20s
2026-05-03 11:15:45,614 [INFO]   At 'Alap Heritage' — detection in 14s
2026-05-03 11:15:50,708 [INFO] Mock GPS | ARRIVED at 'Alap Heritage' | dwelling 120s
2026-05-03 11:15:55,625 [INFO]   At 'Alap Heritage' — detection in 4s
2026-05-03 11:15:59,629 [INFO] CAPTURING 4 samples at 'Alap Heritage'
2026-05-03 11:16:00,311 [INFO] Best: index=1 score=0.0407 | 1280x720
2026-05-03 11:16:01,417 [ERROR] Send failed: 502 Server Error: Bad Gateway for url: https://dissuasive-osseous-ethelyn.ngrok-free.dev/upload
2026-05-03 11:16:01,420 [WARNING] Server unreachable — saving to offline queue
2026-05-03 11:16:01,443 [INFO] Offline queue | saved 20260503_111601_421467 | total=3
2026-05-03 11:16:01,445 [WARNING] Detection failed — saved to offline queue
2026-05-03 11:17:50,790 [INFO] Mock GPS | DEPARTED 'Alap Heritage'
2026-05-03 11:17:50,929 [INFO] DEPARTED 'Alap Heritage' | dist=290m
2026-05-03 11:17:56,819 [INFO] Mock GPS | approaching 'Ambaji Kadva Chowk' (7/412)
2026-05-03 11:18:02,968 [INFO] ARRIVED | bus=115 stop='Ambaji Kadva Chowk' dist=77m | detection in 20s
2026-05-03 11:18:07,988 [INFO]   At 'Ambaji Kadva Chowk' — detection in 15s
2026-05-03 11:18:18,034 [INFO]   At 'Ambaji Kadva Chowk' — detection in 5s
2026-05-03 11:18:20,836 [INFO] Mock GPS | ARRIVED at 'Ambaji Kadva Chowk' | dwelling 120s
2026-05-03 11:18:23,068 [INFO] CAPTURING 4 samples at 'Ambaji Kadva Chowk'
2026-05-03 11:18:23,965 [INFO] Best: index=0 score=0.0349 | 1280x720
2026-05-03 11:18:29,913 [ERROR] Send failed: 502 Server Error: Bad Gateway for url: https://dissuasive-osseous-ethelyn.ngrok-free.dev/upload
2026-05-03 11:18:29,919 [WARNING] Server unreachable — saving to offline queue
2026-05-03 11:18:29,974 [INFO] Offline queue | saved 20260503_111829_921412 | total=4
2026-05-03 11:18:29,976 [WARNING] Detection failed — saved to offline queue
2026-05-03 11:19:49,139 [INFO] Offline queue | replaying 4 queued capture(s)...
2026-05-03 11:19:53,203 [INFO] Server OK | bus=115 faces=1 granted=0 unpaid=0 invalid=0 not_uni=0
2026-05-03 11:19:53,208 [INFO] Offline replay OK | 20260503_111106_785056.jpg
2026-05-03 11:19:56,177 [INFO] Server OK | bus=115 faces=1 granted=0 unpaid=0 invalid=0 not_uni=0
2026-05-03 11:19:56,184 [INFO] Offline replay OK | 20260503_111321_381032.jpg
2026-05-03 11:19:58,331 [INFO] Server OK | bus=115 faces=1 granted=0 unpaid=0 invalid=0 not_uni=0
2026-05-03 11:19:58,335 [INFO] Offline replay OK | 20260503_111601_421467.jpg
2026-05-03 11:20:00,823 [INFO] Server OK | bus=115 faces=1 granted=0 unpaid=0 invalid=0 not_uni=0
2026-05-03 11:20:00,829 [INFO] Offline replay OK | 20260503_111829_921412.jpg
2026-05-03 11:20:00,830 [INFO] Offline retry | replayed 4 capture(s)
2026-05-03 11:20:20,945 [INFO] Mock GPS | DEPARTED 'Ambaji Kadva Chowk'
2026-05-03 11:20:21,474 [INFO] DEPARTED 'Ambaji Kadva Chowk' | dist=303m
2026-05-03 11:20:26,952 [INFO] Mock GPS | approaching 'Ambedkar Nagar Chowk' (8/412)
2026-05-03 11:20:30,501 [INFO] ARRIVED | bus=115 stop='Ambedkar Nagar Chowk' dist=79m | detection in 20s
2026-05-03 11:20:36,041 [INFO]   At 'Ambedkar Nagar Chowk' — detection in 14s
2026-05-03 11:20:46,118 [INFO]   At 'Ambedkar Nagar Chowk' — detection in 4s
2026-05-03 11:20:51,048 [INFO] Mock GPS | ARRIVED at 'Ambedkar Nagar Chowk' | dwelling 120s
2026-05-03 11:20:51,133 [INFO] CAPTURING 4 samples at 'Ambedkar Nagar Chowk'
2026-05-03 11:20:52,639 [INFO] Best: index=2 score=0.0332 | 1280x720
2026-05-03 11:21:01,195 [INFO] Server OK | bus=115 faces=1 granted=0 unpaid=0 invalid=0 not_uni=0
2026-05-03 11:21:01,208 [INFO] DONE | bus=115 stop='Ambedkar Nagar Chowk' faces=1 granted=0 unpaid=0
2026-05-03 11:21:01,209 [INFO] Validated this shift: 0 students
2026-05-03 11:22:51,158 [INFO] Mock GPS | DEPARTED 'Ambedkar Nagar Chowk'
2026-05-03 11:22:51,408 [INFO] DEPARTED 'Ambedkar Nagar Chowk' | dist=303m
2026-05-03 11:22:57,165 [INFO] Mock GPS | approaching 'Ambedkar Nagar Gate' (9/412)
2026-05-03 11:23:21,171 [INFO] Mock GPS | ARRIVED at 'Ambedkar Nagar Gate' | dwelling 120s
2026-05-03 11:25:21,198 [INFO] Mock GPS | DEPARTED 'Ambedkar Nagar Gate'
2026-05-03 11:25:27,199 [INFO] Mock GPS | approaching 'Amrapali Bridge' (10/412)
2026-05-03 11:25:39,604 [INFO] ARRIVED | bus=115 stop='Amrapali Fatak' dist=53m | detection in 20s
2026-05-03 11:25:46,613 [INFO]   At 'Amrapali Fatak' — detection in 13s
2026-05-03 11:25:51,202 [INFO] Mock GPS | ARRIVED at 'Amrapali Bridge' | dwelling 120s
2026-05-03 11:25:56,624 [INFO]   At 'Amrapali Fatak' — detection in 3s
2026-05-03 11:25:59,628 [INFO] CAPTURING 4 samples at 'Amrapali Fatak'
2026-05-03 11:26:00,311 [INFO] Best: index=2 score=0.0389 | 1280x720
2026-05-03 11:26:02,729 [INFO] Server OK | bus=115 faces=1 granted=0 unpaid=0 invalid=0 not_uni=0
2026-05-03 11:26:02,731 [INFO] DONE | bus=115 stop='Amrapali Fatak' faces=1 granted=0 unpaid=0
2026-05-03 11:26:02,731 [INFO] Validated this shift: 0 students
2026-05-03 11:27:51,230 [INFO] Mock GPS | DEPARTED 'Amrapali Bridge'
2026-05-03 11:27:51,862 [INFO] DEPARTED 'Amrapali Fatak' | dist=303m
2026-05-03 11:27:57,231 [INFO] Mock GPS | approaching 'Amrapali Fatak' (11/412)
2026-05-03 11:28:21,235 [INFO] Mock GPS | ARRIVED at 'Amrapali Fatak' | dwelling 120s
2026-05-03 11:30:21,262 [INFO] Mock GPS | DEPARTED 'Amrapali Fatak'
2026-05-03 11:30:27,263 [INFO] Mock GPS | approaching 'Amul Chowk' (12/412)
2026-05-03 11:30:28,037 [INFO] ARRIVED | bus=115 stop='Amul Chowk' dist=32m | detection in 20s
2026-05-03 11:30:30,040 [INFO]   At 'Amul Chowk' — detection in 18s
2026-05-03 11:30:40,052 [INFO]   At 'Amul Chowk' — detection in 8s
2026-05-03 11:30:48,080 [INFO] CAPTURING 4 samples at 'Amul Chowk'
2026-05-03 11:30:48,783 [INFO] Best: index=3 score=0.0348 | 1280x720
2026-05-03 11:30:51,266 [INFO] Mock GPS | ARRIVED at 'Amul Chowk' | dwelling 120s
2026-05-03 11:31:16,404 [ERROR] Cannot reach server: https://dissuasive-osseous-ethelyn.ngrok-free.dev/upload
2026-05-03 11:31:16,405 [WARNING] Server unreachable — saving to offline queue
2026-05-03 11:31:16,432 [INFO] Offline queue | saved 20260503_113116_405227 | total=1
2026-05-03 11:31:16,432 [WARNING] Detection failed — saved to offline queue
2026-05-03 11:32:51,327 [INFO] Mock GPS | DEPARTED 'Amul Chowk'
2026-05-03 11:32:51,589 [INFO] DEPARTED 'Amul Chowk' | dist=303m
2026-05-03 11:32:57,327 [INFO] Mock GPS | approaching 'Amul Parlour' (13/412)
2026-05-03 11:32:57,597 [INFO] ARRIVED | bus=115 stop='Civil Hospital' dist=24m | detection in 20s
2026-05-03 11:32:58,600 [INFO]   At 'Civil Hospital' — detection in 19s
2026-05-03 11:33:08,611 [INFO]   At 'Civil Hospital' — detection in 9s
2026-05-03 11:33:13,315 [INFO] Offline queue | replaying 1 queued capture(s)...
2026-05-03 11:33:17,618 [INFO] CAPTURING 4 samples at 'Civil Hospital'
2026-05-03 11:33:18,316 [INFO] Best: index=0 score=0.0409 | 1280x720
2026-05-03 11:33:19,068 [INFO] Server OK | bus=115 faces=1 granted=0 unpaid=0 invalid=0 not_uni=0
2026-05-03 11:33:19,072 [INFO] Offline replay OK | 20260503_113116_405227.jpg
2026-05-03 11:33:19,072 [INFO] Offline retry | replayed 1 capture(s)
2026-05-03 11:33:21,331 [INFO] Mock GPS | ARRIVED at 'Amul Parlour' | dwelling 120s
2026-05-03 11:33:40,835 [ERROR] Send failed: ('Connection broken: IncompleteRead(32768 bytes read, 46206 more expected)', IncompleteRead(32768 bytes read, 46206 more expected))
2026-05-03 11:33:40,838 [WARNING] Server unreachable — saving to offline queue
2026-05-03 11:33:40,856 [INFO] Offline queue | saved 20260503_113340_838029 | total=1
2026-05-03 11:33:40,858 [WARNING] Detection failed — saved to offline queue
2026-05-03 11:33:53,214 [INFO] Offline queue | replaying 1 queued capture(s)...
2026-05-03 11:33:59,091 [INFO] Server OK | bus=115 faces=1 granted=0 unpaid=0 invalid=0 not_uni=0
2026-05-03 11:33:59,093 [INFO] Offline replay OK | 20260503_113340_838029.jpg
2026-05-03 11:33:59,093 [INFO] Offline retry | replayed 1 capture(s)
2026-05-03 11:35:21,357 [INFO] Mock GPS | DEPARTED 'Amul Parlour'
2026-05-03 11:35:22,104 [INFO] DEPARTED 'Civil Hospital' | dist=303m
2026-05-03 11:35:27,357 [INFO] Mock GPS | approaching 'Anand Bunglow Chowk' (14/412)
2026-05-03 11:35:40,145 [INFO] ARRIVED | bus=115 stop='Anand Bunglow Chowk' dist=73m | detection in 20s
2026-05-03 11:35:42,147 [INFO]   At 'Anand Bunglow Chowk' — detection in 18s
2026-05-03 11:35:51,363 [INFO] Mock GPS | ARRIVED at 'Anand Bunglow Chowk' | dwelling 120s
2026-05-03 11:35:52,163 [INFO]   At 'Anand Bunglow Chowk' — detection in 8s
2026-05-03 11:36:00,174 [INFO] CAPTURING 4 samples at 'Anand Bunglow Chowk'
2026-05-03 11:36:00,829 [INFO] Best: index=1 score=0.0537 | 1280x720
2026-05-03 11:36:05,663 [INFO] Server OK | bus=115 faces=1 granted=0 unpaid=0 invalid=0 not_uni=0
2026-05-03 11:36:05,666 [INFO] DONE | bus=115 stop='Anand Bunglow Chowk' faces=1 granted=0 unpaid=0
2026-05-03 11:36:05,667 [INFO] Validated this shift: 0 students
2026-05-03 11:37:51,390 [INFO] Mock GPS | DEPARTED 'Anand Bunglow Chowk'
2026-05-03 11:37:51,801 [INFO] DEPARTED 'Anand Bunglow Chowk' | dist=303m
2026-05-03 11:37:57,391 [INFO] Mock GPS | approaching 'Arjun Party Plot' (15/412)
2026-05-03 11:38:12,823 [INFO] ARRIVED | bus=115 stop='Arjun Party Plot' dist=59m | detection in 20s
2026-05-03 11:38:17,829 [INFO]   At 'Arjun Party Plot' — detection in 15s
2026-05-03 11:38:21,395 [INFO] Mock GPS | ARRIVED at 'Arjun Party Plot' | dwelling 120s
2026-05-03 11:38:27,839 [INFO]   At 'Arjun Party Plot' — detection in 5s
2026-05-03 11:38:32,845 [INFO] CAPTURING 4 samples at 'Arjun Party Plot'
2026-05-03 11:38:33,511 [INFO] Best: index=2 score=0.0443 | 1280x720
2026-05-03 11:38:44,229 [INFO] Server OK | bus=115 faces=1 granted=0 unpaid=0 invalid=0 not_uni=0
2026-05-03 11:38:44,231 [INFO] DONE | bus=115 stop='Arjun Party Plot' faces=1 granted=0 unpaid=0
2026-05-03 11:38:44,231 [INFO] Validated this shift: 0 students
2026-05-03 11:40:21,418 [INFO] Mock GPS | DEPARTED 'Arjun Party Plot'
2026-05-03 11:40:22,339 [INFO] DEPARTED 'Arjun Party Plot' | dist=174m
2026-05-03 11:40:27,419 [INFO] Mock GPS | approaching 'Ashapura Temple (Palace Road)' (16/412)
2026-05-03 11:40:46,370 [INFO] ARRIVED | bus=115 stop='Ashapura Temple (Palace Road)' dist=41m | detection in 20s
2026-05-03 11:40:49,373 [INFO]   At 'Ashapura Temple (Palace Road)' — detection in 17s
2026-05-03 11:40:51,421 [INFO] Mock GPS | ARRIVED at 'Ashapura Temple (Palace Road)' | dwelling 120s
2026-05-03 11:40:59,385 [INFO]   At 'Ashapura Temple (Palace Road)' — detection in 7s
2026-05-03 11:41:06,394 [INFO] CAPTURING 4 samples at 'Ashapura Temple (Palace Road)'
2026-05-03 11:41:07,046 [INFO] Best: index=2 score=0.0368 | 1280x720
2026-05-03 11:41:14,783 [ERROR] Cannot reach server: https://dissuasive-osseous-ethelyn.ngrok-free.dev/upload
2026-05-03 11:41:14,783 [WARNING] Server unreachable — saving to offline queue
2026-05-03 11:41:14,802 [INFO] Offline queue | saved 20260503_114114_784112 | total=1
2026-05-03 11:41:14,803 [WARNING] Detection failed — saved to offline queue
2026-05-03 11:42:51,446 [INFO] Mock GPS | DEPARTED 'Ashapura Temple (Palace Road)'
2026-05-03 11:42:51,946 [INFO] DEPARTED 'Ashapura Temple (Palace Road)' | dist=148m
2026-05-03 11:42:57,447 [INFO] Mock GPS | approaching 'Astha Residency' (17/412)
2026-05-03 11:43:13,198 [INFO] ARRIVED | bus=115 stop='Astha Residency' dist=64m | detection in 20s
2026-05-03 11:43:18,242 [INFO]   At 'Astha Residency' — detection in 15s
2026-05-03 11:43:21,571 [INFO] Mock GPS | ARRIVED at 'Astha Residency' | dwelling 120s
2026-05-03 11:43:28,863 [INFO]   At 'Astha Residency' — detection in 4s
2026-05-03 11:43:33,871 [INFO] CAPTURING 4 samples at 'Astha Residency'
2026-05-03 11:43:34,556 [INFO] Best: index=0 score=0.0419 | 1280x720
2026-05-03 11:43:35,945 [ERROR] Send failed: 502 Server Error: Bad Gateway for url: https://dissuasive-osseous-ethelyn.ngrok-free.dev/upload
2026-05-03 11:43:35,947 [WARNING] Server unreachable — saving to offline queue
2026-05-03 11:43:35,972 [INFO] Offline queue | saved 20260503_114335_948654 | total=2
2026-05-03 11:43:35,973 [WARNING] Detection failed — saved to offline queue
2026-05-03 11:43:40,167 [INFO] Offline queue | replaying 2 queued capture(s)...
2026-05-03 11:43:42,957 [INFO] Server OK | bus=115 faces=1 granted=0 unpaid=0 invalid=0 not_uni=0
2026-05-03 11:43:42,960 [INFO] Offline replay OK | 20260503_114114_784112.jpg
2026-05-03 11:43:47,809 [INFO] Server OK | bus=115 faces=1 granted=0 unpaid=0 invalid=0 not_uni=0
2026-05-03 11:43:47,815 [INFO] Offline replay OK | 20260503_114335_948654.jpg
2026-05-03 11:43:47,816 [INFO] Offline retry | replayed 2 capture(s)
2026-05-03 11:45:14,550 [INFO] Ctrl+C — shutting down...
2026-05-03 11:45:14,551 [INFO] Offline retry thread stopped
2026-05-03 11:45:15,152 [INFO] Camera closed
2026-05-03 11:45:15,152 [INFO] Stopped.
2026-05-03 11:45:15,152 [INFO] Session — Granted:0 Unpaid:0 Invalid:0 Unknown:0
2026-05-03 11:45:18,930 [INFO] ==============================================================
2026-05-03 11:45:18,931 [INFO]   TransBuddy Laptop Client  v12.1.0 — Marwadi University
2026-05-03 11:45:18,931 [INFO]   Bus ID         : 115
2026-05-03 11:45:18,931 [INFO]   Server         : https://dissuasive-osseous-ethelyn.ngrok-free.dev
2026-05-03 11:45:18,931 [INFO]   GPS mode       : mock
2026-05-03 11:45:18,931 [INFO]   Camera index   : 1
2026-05-03 11:45:18,933 [INFO]   Preview window : OFF
2026-05-03 11:45:18,933 [INFO]   Streaming      : ON
2026-05-03 11:45:18,933 [INFO]   Capture delay  : 20s
2026-05-03 11:45:18,933 [INFO]   Offline queue  : offline_queue/
2026-05-03 11:45:18,936 [INFO] ==============================================================
2026-05-03 11:45:18,938 [INFO] Fetching bus stops from server...
2026-05-03 11:45:21,181 [INFO] Loaded 412 stops from server
2026-05-03 11:45:21,184 [INFO] Loaded 412 stops.
2026-05-03 11:45:21,529 [INFO] Bus registered | bus_no=115 type=Large driver=MR. NAVGHNBHAI MAGHABHAI MIR
2026-05-03 11:45:21,532 [INFO] Mock GPS started | 412 stops | dwell=120s per stop
2026-05-03 11:45:21,533 [INFO] Mock GPS started — simulating bus driving through stops automatically
2026-05-03 11:45:23,534 [INFO] Mock GPS | approaching 'Ahir Chowk' (1/412)
2026-05-03 11:45:23,534 [INFO] Opening camera 1...
2026-05-03 11:45:24,998 [INFO] Camera 1 opened — warming up (5 frames)...
2026-05-03 11:45:25,983 [INFO] Camera ready | 1280x720
2026-05-03 11:45:26,485 [INFO] Stream thread started
2026-05-03 11:45:26,486 [INFO] Offline retry thread started
2026-05-03 11:45:27,250 [INFO] Validated today (morning slot): 0 GRs
2026-05-03 11:45:27,252 [INFO] Tracking started. Waiting for bus to approach a stop...
2026-05-03 11:45:28,253 [INFO] ARRIVED | bus=115 stop='Ahir Chowk' dist=57m | detection in 20s
2026-05-03 11:45:37,266 [INFO]   At 'Ahir Chowk' — detection in 11s
2026-05-03 11:45:47,279 [INFO]   At 'Ahir Chowk' — detection in 1s
2026-05-03 11:45:47,538 [INFO] Mock GPS | ARRIVED at 'Ahir Chowk' | dwelling 120s
2026-05-03 11:45:48,281 [INFO] CAPTURING 4 samples at 'Ahir Chowk'
2026-05-03 11:45:49,033 [INFO] Best: index=3 score=0.0404 | 1280x720
2026-05-03 11:45:55,184 [INFO] Server OK | bus=115 faces=1 granted=0 unpaid=0 invalid=0 not_uni=0
2026-05-03 11:45:55,187 [INFO] DONE | bus=115 stop='Ahir Chowk' faces=1 granted=0 unpaid=0
2026-05-03 11:45:55,187 [INFO] Validated this shift: 0 students
2026-05-03 11:47:47,601 [INFO] Mock GPS | DEPARTED 'Ahir Chowk'
2026-05-03 11:47:48,379 [INFO] DEPARTED 'Ahir Chowk' | dist=161m
2026-05-03 11:47:53,601 [INFO] Mock GPS | approaching 'Airport Fatak' (2/412)
2026-05-03 11:48:00,392 [INFO] ARRIVED | bus=115 stop='Airport Fatak' dist=67m | detection in 20s
2026-05-03 11:48:04,398 [INFO]   At 'Airport Fatak' — detection in 16s
2026-05-03 11:48:14,412 [INFO]   At 'Airport Fatak' — detection in 6s
2026-05-03 11:48:17,606 [INFO] Mock GPS | ARRIVED at 'Airport Fatak' | dwelling 120s
2026-05-03 11:48:20,422 [INFO] CAPTURING 4 samples at 'Airport Fatak'
2026-05-03 11:48:21,142 [INFO] Best: index=2 score=0.0497 | 1280x720
2026-05-03 11:48:50,490 [INFO] Server OK | bus=115 faces=1 granted=0 unpaid=0 invalid=0 not_uni=0
2026-05-03 11:48:50,495 [INFO] DONE | bus=115 stop='Airport Fatak' faces=1 granted=0 unpaid=0
2026-05-03 11:48:50,495 [INFO] Validated this shift: 0 students
2026-05-03 11:50:17,644 [INFO] Mock GPS | DEPARTED 'Airport Fatak'
2026-05-03 11:50:18,614 [INFO] DEPARTED 'Airport Fatak' | dist=303m
2026-05-03 11:50:23,645 [INFO] Mock GPS | approaching 'Aji Dam' (3/412)
2026-05-03 11:50:36,633 [INFO] ARRIVED | bus=115 stop='Aji Dam' dist=73m | detection in 20s
2026-05-03 11:50:44,644 [INFO]   At 'Aji Dam' — detection in 12s
2026-05-03 11:50:47,651 [INFO] Mock GPS | ARRIVED at 'Aji Dam' | dwelling 120s
2026-05-03 11:50:54,655 [INFO]   At 'Aji Dam' — detection in 2s
2026-05-03 11:50:56,656 [INFO] CAPTURING 4 samples at 'Aji Dam'
2026-05-03 11:50:57,309 [INFO] Best: index=2 score=0.0621 | 1280x720
2026-05-03 11:51:30,471 [ERROR] Cannot reach server: https://dissuasive-osseous-ethelyn.ngrok-free.dev/upload
2026-05-03 11:51:30,472 [WARNING] Server unreachable — saving to offline queue
2026-05-03 11:51:30,496 [INFO] Offline queue | saved 20260503_115130_473943 | total=1
2026-05-03 11:51:30,496 [WARNING] Detection failed — saved to offline queue
2026-05-03 11:51:57,395 [INFO] Offline queue | replaying 1 queued capture(s)...
2026-05-03 11:52:16,552 [INFO] Server OK | bus=115 faces=1 granted=0 unpaid=0 invalid=0 not_uni=0
2026-05-03 11:52:16,554 [INFO] Offline replay OK | 20260503_115130_473943.jpg
2026-05-03 11:52:16,554 [INFO] Offline retry | replayed 1 capture(s)
2026-05-03 11:52:47,677 [INFO] Mock GPS | DEPARTED 'Aji Dam'
2026-05-03 11:52:48,572 [INFO] DEPARTED 'Aji Dam' | dist=303m
2026-05-03 11:52:53,677 [INFO] Mock GPS | approaching 'Alap Avenue' (4/412)
2026-05-03 11:53:12,593 [INFO] ARRIVED | bus=115 stop='Alap Avenue' dist=65m | detection in 20s
2026-05-03 11:53:17,681 [INFO] Mock GPS | ARRIVED at 'Alap Avenue' | dwelling 120s
2026-05-03 11:53:18,600 [INFO]   At 'Alap Avenue' — detection in 14s
2026-05-03 11:53:28,612 [INFO]   At 'Alap Avenue' — detection in 4s
2026-05-03 11:53:32,616 [INFO] CAPTURING 4 samples at 'Alap Avenue'
2026-05-03 11:53:33,314 [INFO] Best: index=2 score=0.0489 | 1280x720
2026-05-03 11:53:44,383 [INFO] Server OK | bus=115 faces=1 granted=0 unpaid=0 invalid=0 not_uni=0
2026-05-03 11:53:44,386 [INFO] DONE | bus=115 stop='Alap Avenue' faces=1 granted=0 unpaid=0
2026-05-03 11:53:44,387 [INFO] Validated this shift: 0 students
2026-05-03 11:55:17,713 [INFO] Mock GPS | DEPARTED 'Alap Avenue'
2026-05-03 11:55:18,504 [INFO] DEPARTED 'Alap Avenue' | dist=169m
2026-05-03 11:55:23,714 [INFO] Mock GPS | approaching 'Alap Green City' (5/412)
2026-05-03 11:55:24,567 [INFO] ARRIVED | bus=115 stop='Alap Green City' dist=72m | detection in 20s
2026-05-03 11:55:30,581 [INFO]   At 'Alap Green City' — detection in 14s
2026-05-03 11:55:40,657 [INFO]   At 'Alap Green City' — detection in 4s
2026-05-03 11:55:44,665 [INFO] CAPTURING 4 samples at 'Alap Green City'
2026-05-03 11:55:45,475 [INFO] Best: index=3 score=0.0475 | 1280x720
2026-05-03 11:55:47,722 [INFO] Mock GPS | ARRIVED at 'Alap Green City' | dwelling 120s
2026-05-03 11:55:49,552 [INFO] Server OK | bus=115 faces=1 granted=0 unpaid=0 invalid=0 not_uni=0
2026-05-03 11:55:49,557 [INFO] DONE | bus=115 stop='Alap Green City' faces=1 granted=0 unpaid=0
2026-05-03 11:55:49,558 [INFO] Validated this shift: 0 students
2026-05-03 11:57:47,959 [INFO] Mock GPS | DEPARTED 'Alap Green City'
2026-05-03 11:57:48,022 [INFO] DEPARTED 'Alap Green City' | dist=303m
2026-05-03 11:57:53,961 [INFO] Mock GPS | approaching 'Alap Heritage' (6/412)
2026-05-03 11:58:04,355 [INFO] Ctrl+C — shutting down...
2026-05-03 11:58:04,356 [INFO] Offline retry thread stopped
2026-05-03 11:58:04,356 [INFO] Stream thread stopped
2026-05-03 11:58:04,947 [INFO] Camera closed
2026-05-03 11:58:04,951 [INFO] Stopped.
2026-05-03 11:58:04,951 [INFO] Session — Granted:0 Unpaid:0 Invalid:0 Unknown:0
2026-05-03 12:33:06,709 [INFO] ==============================================================
2026-05-03 12:33:06,710 [INFO]   TransBuddy Laptop Client  v12.1.0 — Marwadi University
2026-05-03 12:33:06,710 [INFO]   Bus ID         : 115
2026-05-03 12:33:06,710 [INFO]   Server         : https://dissuasive-osseous-ethelyn.ngrok-free.dev
2026-05-03 12:33:06,710 [INFO]   GPS mode       : mock
2026-05-03 12:33:06,710 [INFO]   Camera index   : 1
2026-05-03 12:33:06,710 [INFO]   Preview window : OFF
2026-05-03 12:33:06,710 [INFO]   Streaming      : ON
2026-05-03 12:33:06,710 [INFO]   Capture delay  : 20s
2026-05-03 12:33:06,711 [INFO]   Offline queue  : offline_queue/
2026-05-03 12:33:06,711 [INFO] ==============================================================
2026-05-03 12:33:06,711 [INFO] Fetching bus stops from server...
2026-05-03 12:33:07,861 [INFO] Loaded 412 stops from server
2026-05-03 12:33:07,861 [INFO] Loaded 412 stops.
2026-05-03 12:33:08,160 [INFO] Bus registered | bus_no=? type=? driver=?
2026-05-03 12:33:08,163 [INFO] Mock GPS started | 412 stops | dwell=120s per stop
2026-05-03 12:33:08,163 [INFO] Mock GPS started — simulating bus driving through stops automatically
2026-05-03 12:33:10,165 [INFO] Opening camera 1...
2026-05-03 12:33:10,165 [INFO] Mock GPS | approaching 'Ahir Chowk' (1/412)
2026-05-03 12:33:11,408 [INFO] Camera 1 opened — warming up (5 frames)...
2026-05-03 12:33:12,410 [INFO] Camera ready | 1280x720
2026-05-03 12:33:12,911 [INFO] Stream thread started
2026-05-03 12:33:12,911 [INFO] Offline retry thread started
2026-05-03 12:33:13,353 [INFO] Validated today (morning slot): 0 GRs
2026-05-03 12:33:13,354 [INFO] Tracking started. Waiting for bus to approach a stop...
2026-05-03 12:33:14,356 [INFO] ARRIVED | bus=115 stop='Ahir Chowk' dist=57m | detection in 20s
2026-05-03 12:33:23,364 [INFO]   At 'Ahir Chowk' — detection in 11s
2026-05-03 12:33:33,384 [INFO]   At 'Ahir Chowk' — detection in 1s
2026-05-03 12:33:34,169 [INFO] Mock GPS | ARRIVED at 'Ahir Chowk' | dwelling 120s
2026-05-03 12:33:34,385 [INFO] CAPTURING 4 samples at 'Ahir Chowk'
2026-05-03 12:33:35,099 [INFO] Best: index=0 score=0.0406 | 1280x720
2026-05-03 12:34:07,339 [ERROR] Cannot reach server: https://dissuasive-osseous-ethelyn.ngrok-free.dev/upload
2026-05-03 12:34:07,339 [WARNING] Server unreachable — saving to offline queue
2026-05-03 12:34:07,357 [INFO] Offline queue | saved 20260503_123407_339758 | total=1
2026-05-03 12:34:07,357 [WARNING] Detection failed — saved to offline queue
2026-05-03 12:34:15,681 [INFO] Offline queue | replaying 1 queued capture(s)...
2026-05-03 12:34:44,321 [ERROR] Send failed: ('Connection broken: IncompleteRead(0 bytes read, 101301 more expected)', IncompleteRead(0 bytes read, 101301 more expected))
2026-05-03 12:35:14,559 [INFO] Offline queue | replaying 1 queued capture(s)...
2026-05-03 12:35:15,731 [INFO] Server OK | bus=115 faces=2 granted=0 unpaid=0 invalid=0 not_uni=0
2026-05-03 12:35:15,732 [INFO] Offline replay OK | 20260503_123407_339758.jpg
2026-05-03 12:35:15,733 [INFO] Offline retry | replayed 1 capture(s)
2026-05-03 12:35:34,205 [INFO] Mock GPS | DEPARTED 'Ahir Chowk'
2026-05-03 12:35:34,466 [INFO] DEPARTED 'Ahir Chowk' | dist=161m
2026-05-03 12:35:40,206 [INFO] Mock GPS | approaching 'Airport Fatak' (2/412)
2026-05-03 12:35:46,476 [INFO] ARRIVED | bus=115 stop='Airport Fatak' dist=67m | detection in 20s
2026-05-03 12:35:56,484 [INFO]   At 'Airport Fatak' — detection in 10s
2026-05-03 12:36:04,211 [INFO] Mock GPS | ARRIVED at 'Airport Fatak' | dwelling 120s
2026-05-03 12:36:06,496 [INFO] CAPTURING 4 samples at 'Airport Fatak'
2026-05-03 12:36:07,167 [INFO] Best: index=2 score=0.0664 | 1280x720
2026-05-03 12:36:08,729 [INFO] Server OK | bus=115 faces=2 granted=0 unpaid=1 invalid=1 not_uni=0
2026-05-03 12:36:08,732 [INFO] DONE | bus=115 stop='Airport Fatak' faces=2 granted=0 unpaid=1
2026-05-03 12:36:08,732 [INFO] Validated this shift: 2 students
2026-05-03 12:38:04,233 [INFO] Mock GPS | DEPARTED 'Airport Fatak'
2026-05-03 12:38:04,863 [INFO] DEPARTED 'Airport Fatak' | dist=303m
2026-05-03 12:38:10,234 [INFO] Mock GPS | approaching 'Aji Dam' (3/412)
2026-05-03 12:38:22,883 [INFO] ARRIVED | bus=115 stop='Aji Dam' dist=73m | detection in 20s
2026-05-03 12:38:28,946 [INFO]   At 'Aji Dam' — detection in 14s
2026-05-03 12:38:34,250 [INFO] Mock GPS | ARRIVED at 'Aji Dam' | dwelling 120s
2026-05-03 12:38:38,957 [INFO]   At 'Aji Dam' — detection in 4s
2026-05-03 12:38:42,963 [INFO] CAPTURING 4 samples at 'Aji Dam'
2026-05-03 12:38:43,655 [INFO] Best: index=3 score=0.0356 | 1280x720
2026-05-03 12:38:44,559 [INFO] Server OK | bus=115 faces=0 granted=0 unpaid=0 invalid=0 not_uni=0
2026-05-03 12:38:44,562 [INFO] DONE | bus=115 stop='Aji Dam' faces=0 granted=0 unpaid=0
2026-05-03 12:38:44,562 [INFO] Validated this shift: 2 students
2026-05-03 12:40:34,277 [INFO] Mock GPS | DEPARTED 'Aji Dam'
2026-05-03 12:40:34,728 [INFO] DEPARTED 'Aji Dam' | dist=303m
2026-05-03 12:40:40,278 [INFO] Mock GPS | approaching 'Alap Avenue' (4/412)
2026-05-03 12:40:58,751 [INFO] ARRIVED | bus=115 stop='Alap Avenue' dist=65m | detection in 20s
2026-05-03 12:41:00,753 [INFO]   At 'Alap Avenue' — detection in 18s
2026-05-03 12:41:04,281 [INFO] Mock GPS | ARRIVED at 'Alap Avenue' | dwelling 120s
2026-05-03 12:41:10,764 [INFO]   At 'Alap Avenue' — detection in 8s
2026-05-03 12:41:18,770 [INFO] CAPTURING 4 samples at 'Alap Avenue'
2026-05-03 12:41:19,411 [INFO] Best: index=0 score=0.0339 | 1280x720
2026-05-03 12:41:20,089 [INFO] Server OK | bus=115 faces=0 granted=0 unpaid=0 invalid=0 not_uni=0
2026-05-03 12:41:20,092 [INFO] DONE | bus=115 stop='Alap Avenue' faces=0 granted=0 unpaid=0
2026-05-03 12:41:20,092 [INFO] Validated this shift: 2 students
2026-05-03 12:43:04,303 [INFO] Mock GPS | DEPARTED 'Alap Avenue'
2026-05-03 12:43:05,181 [INFO] DEPARTED 'Alap Avenue' | dist=169m
2026-05-03 12:43:10,303 [INFO] Mock GPS | approaching 'Alap Green City' (5/412)
2026-05-03 12:43:11,186 [INFO] ARRIVED | bus=115 stop='Alap Green City' dist=72m | detection in 20s
2026-05-03 12:43:12,189 [INFO]   At 'Alap Green City' — detection in 19s
2026-05-03 12:43:22,197 [INFO]   At 'Alap Green City' — detection in 9s
2026-05-03 12:43:31,205 [INFO] CAPTURING 4 samples at 'Alap Green City'
2026-05-03 12:43:31,816 [INFO] Best: index=0 score=0.0000 | 1280x720
2026-05-03 12:43:34,306 [INFO] Mock GPS | ARRIVED at 'Alap Green City' | dwelling 120s
2026-05-03 12:43:35,534 [INFO] Server OK | bus=115 faces=0 granted=0 unpaid=0 invalid=0 not_uni=0
2026-05-03 12:43:35,537 [INFO] DONE | bus=115 stop='Alap Green City' faces=0 granted=0 unpaid=0
2026-05-03 12:43:35,537 [INFO] Validated this shift: 2 students
2026-05-03 12:45:34,327 [INFO] Mock GPS | DEPARTED 'Alap Green City'
2026-05-03 12:45:34,637 [INFO] DEPARTED 'Alap Green City' | dist=303m
2026-05-03 12:45:40,328 [INFO] Mock GPS | approaching 'Alap Heritage' (6/412)
2026-05-03 12:45:52,653 [INFO] ARRIVED | bus=115 stop='Alap Heritage' dist=63m | detection in 20s
2026-05-03 12:45:56,657 [INFO]   At 'Alap Heritage' — detection in 16s
2026-05-03 12:46:04,332 [INFO] Mock GPS | ARRIVED at 'Alap Heritage' | dwelling 120s
2026-05-03 12:46:06,666 [INFO]   At 'Alap Heritage' — detection in 6s
2026-05-03 12:46:12,671 [INFO] CAPTURING 4 samples at 'Alap Heritage'
2026-05-03 12:46:13,280 [INFO] Best: index=0 score=0.0000 | 1280x720
2026-05-03 12:46:13,956 [INFO] Server OK | bus=115 faces=0 granted=0 unpaid=0 invalid=0 not_uni=0
2026-05-03 12:46:13,958 [INFO] DONE | bus=115 stop='Alap Heritage' faces=0 granted=0 unpaid=0
2026-05-03 12:46:13,958 [INFO] Validated this shift: 2 students
2026-05-03 12:48:04,352 [INFO] Mock GPS | DEPARTED 'Alap Heritage'
2026-05-03 12:48:05,057 [INFO] DEPARTED 'Alap Heritage' | dist=290m
2026-05-03 12:48:10,353 [INFO] Mock GPS | approaching 'Ambaji Kadva Chowk' (7/412)
2026-05-03 12:48:17,068 [INFO] ARRIVED | bus=115 stop='Ambaji Kadva Chowk' dist=77m | detection in 20s
2026-05-03 12:48:18,069 [INFO]   At 'Ambaji Kadva Chowk' — detection in 19s
2026-05-03 12:48:28,077 [INFO]   At 'Ambaji Kadva Chowk' — detection in 9s
2026-05-03 12:48:34,357 [INFO] Mock GPS | ARRIVED at 'Ambaji Kadva Chowk' | dwelling 120s
2026-05-03 12:48:37,085 [INFO] CAPTURING 4 samples at 'Ambaji Kadva Chowk'
2026-05-03 12:48:37,693 [INFO] Best: index=0 score=0.0000 | 1280x720
2026-05-03 12:48:38,546 [INFO] Server OK | bus=115 faces=0 granted=0 unpaid=0 invalid=0 not_uni=0
2026-05-03 12:48:38,549 [INFO] DONE | bus=115 stop='Ambaji Kadva Chowk' faces=0 granted=0 unpaid=0
2026-05-03 12:48:38,549 [INFO] Validated this shift: 2 students
2026-05-03 12:50:34,377 [INFO] Mock GPS | DEPARTED 'Ambaji Kadva Chowk'
2026-05-03 12:50:34,649 [INFO] DEPARTED 'Ambaji Kadva Chowk' | dist=303m
2026-05-03 12:50:40,378 [INFO] Mock GPS | approaching 'Ambedkar Nagar Chowk' (8/412)
2026-05-03 12:50:43,658 [INFO] ARRIVED | bus=115 stop='Ambedkar Nagar Chowk' dist=79m | detection in 20s
2026-05-03 12:50:49,664 [INFO]   At 'Ambedkar Nagar Chowk' — detection in 14s
2026-05-03 12:50:57,973 [INFO] Ctrl+C — shutting down...
2026-05-03 12:50:57,974 [INFO] Offline retry thread stopped
2026-05-03 12:50:58,309 [INFO] Camera closed
2026-05-03 12:50:58,310 [INFO] Stopped.
2026-05-03 12:50:58,310 [INFO] Session — Granted:0 Unpaid:1 Invalid:1 Unknown:0
2026-05-03 23:11:57,089 [INFO] ==============================================================
2026-05-03 23:11:57,092 [INFO]   TransBuddy Laptop Client  v12.1.0 — Marwadi University
2026-05-03 23:11:57,094 [INFO]   Bus ID         : 115
2026-05-03 23:11:57,095 [INFO]   Server         : https://shivam2307-transbuddy-hardware.hf.space
2026-05-03 23:11:57,095 [INFO]   GPS mode       : mock
2026-05-03 23:11:57,095 [INFO]   Camera index   : 1
2026-05-03 23:11:57,095 [INFO]   Preview window : OFF
2026-05-03 23:11:57,097 [INFO]   Streaming      : ON
2026-05-03 23:11:57,097 [INFO]   Capture delay  : 20s
2026-05-03 23:11:57,098 [INFO]   Offline queue  : offline_queue/
2026-05-03 23:11:57,098 [INFO] ==============================================================
2026-05-03 23:11:57,099 [INFO] Fetching bus stops from server...
2026-05-03 23:12:13,355 [WARNING] Load stops attempt 1/5: HTTPSConnectionPool(host='shivam2307-transbuddy-hardware.hf.space', port=443): Read timed out. (read timeout=15)
2026-05-03 23:12:33,388 [WARNING] Load stops attempt 2/5: HTTPSConnectionPool(host='shivam2307-transbuddy-hardware.hf.space', port=443): Read timed out. (read timeout=15)
2026-05-03 23:12:53,258 [WARNING] Load stops attempt 3/5: HTTPSConnectionPool(host='shivam2307-transbuddy-hardware.hf.space', port=443): Read timed out. (read timeout=15)
2026-05-03 23:13:13,163 [WARNING] Load stops attempt 4/5: HTTPSConnectionPool(host='shivam2307-transbuddy-hardware.hf.space', port=443): Read timed out. (read timeout=15)
2026-05-03 23:13:33,295 [WARNING] Load stops attempt 5/5: HTTPSConnectionPool(host='shivam2307-transbuddy-hardware.hf.space', port=443): Read timed out. (read timeout=15)
2026-05-03 23:13:36,296 [ERROR] No stops loaded. Is the server running? Check SERVER_URL.
2026-05-03 23:13:41,618 [INFO] ==============================================================
2026-05-03 23:13:41,618 [INFO]   TransBuddy Laptop Client  v12.1.0 — Marwadi University
2026-05-03 23:13:41,619 [INFO]   Bus ID         : 115
2026-05-03 23:13:41,619 [INFO]   Server         : https://shivam2307-transbuddy-hardware.hf.space
2026-05-03 23:13:41,620 [INFO]   GPS mode       : mock
2026-05-03 23:13:41,620 [INFO]   Camera index   : 0
2026-05-03 23:13:41,622 [INFO]   Preview window : OFF
2026-05-03 23:13:41,624 [INFO]   Streaming      : ON
2026-05-03 23:13:41,624 [INFO]   Capture delay  : 20s
2026-05-03 23:13:41,625 [INFO]   Offline queue  : offline_queue/
2026-05-03 23:13:41,626 [INFO] ==============================================================
2026-05-03 23:13:41,626 [INFO] Fetching bus stops from server...
2026-05-03 23:13:57,735 [WARNING] Load stops attempt 1/5: HTTPSConnectionPool(host='shivam2307-transbuddy-hardware.hf.space', port=443): Read timed out. (read timeout=15)
2026-05-03 23:14:16,773 [WARNING] Load stops attempt 2/5: HTTPSConnectionPool(host='shivam2307-transbuddy-hardware.hf.space', port=443): Read timed out. (read timeout=15)
2026-05-03 23:14:24,034 [INFO] Loaded 414 stops from server
2026-05-03 23:14:24,036 [INFO] Loaded 414 stops.
2026-05-03 23:14:26,559 [INFO] Bus registered | bus_no=? type=? driver=?
2026-05-03 23:14:26,568 [INFO] Mock GPS started | 414 stops | dwell=120s per stop
2026-05-03 23:14:26,569 [INFO] Mock GPS started — simulating bus driving through stops automatically
2026-05-03 23:14:28,571 [INFO] Mock GPS | approaching 'Airport Fatak' (1/414)
2026-05-03 23:14:28,571 [INFO] Opening camera 0...
2026-05-03 23:14:32,215 [INFO] Camera 0 opened — warming up (5 frames)...
2026-05-03 23:14:33,237 [INFO] Camera ready | 1280x720
2026-05-03 23:14:33,744 [INFO] Stream thread started
2026-05-03 23:14:33,744 [INFO] Offline retry thread started
2026-05-03 23:14:36,308 [INFO] Validated today (evening slot): 0 GRs
2026-05-03 23:14:36,314 [INFO] Tracking started. Waiting for bus to approach a stop...
2026-05-03 23:14:37,321 [INFO] ARRIVED | bus=115 stop='Airport Fatak' dist=47m | detection in 20s
2026-05-03 23:14:46,343 [INFO]   At 'Airport Fatak' — detection in 11s
2026-05-03 23:14:52,577 [INFO] Mock GPS | ARRIVED at 'Airport Fatak' | dwelling 120s
2026-05-03 23:14:56,370 [INFO]   At 'Airport Fatak' — detection in 1s
2026-05-03 23:14:57,373 [INFO] CAPTURING 4 samples at 'Airport Fatak'
2026-05-03 23:14:58,214 [INFO] Best: index=0 score=0.1125 | 1280x720
2026-05-03 23:15:06,009 [INFO] Server OK | bus=115 faces=1 granted=0 unpaid=0 invalid=1 not_uni=0
2026-05-03 23:15:06,012 [INFO] DONE | bus=115 stop='Airport Fatak' faces=1 granted=0 unpaid=0
2026-05-03 23:15:06,012 [INFO] Validated this shift: 1 students
2026-05-03 23:16:36,896 [INFO] Ctrl+C — shutting down...
2026-05-03 23:16:36,896 [INFO] Offline retry thread stopped
